Model,Mean_AUC_ratio,pval_pROC,Omission_rate_at_5%,AICc,delta_AICc,W_AICc,num_parameters
M_0.1_F_l_Set_1,1.761776545,0,0.095238095,2726.51441,46.53091996,7.79E-14,21
M_0.1_F_l_Set_2,1.674990474,0,0.142857143,2745.432207,65.44871725,6.08E-18,12
M_0.1_F_l_Set_3,1.712417741,0,0.090909091,2793.95222,113.9687299,1.77E-28,11
M_0.1_F_q_Set_1,1.788297757,0,0.095238095,2698.22107,18.23758035,1.09E-07,21
M_0.1_F_q_Set_2,1.772036714,0,0.142857143,2683.04196,3.058470521,0.000215362,13
M_0.1_F_q_Set_3,1.731317859,0,0.090909091,2795.93194,115.9484506,6.60E-29,11
M_0.1_F_p_Set_1,1.82050389,0,0.142857143,4076.165107,1396.181617,6.63E-307,109
M_0.1_F_p_Set_2,1.786987679,0,0.19047619,2827.719291,147.7358012,8.28E-36,54
M_0.1_F_p_Set_3,1.757373542,0,0.090909091,2860.167021,180.1835317,7.46E-43,45
M_0.1_F_t_Set_1,1.879128628,0,1,NA,NA,NA,258
M_0.1_F_t_Set_2,1.925183329,0,0.80952381,NA,NA,NA,206
M_0.1_F_t_Set_3,1.894901659,0,0.909090909,NA,NA,NA,190
M_0.1_F_h_Set_1,1.856929208,0,0.333333333,NA,NA,NA,231
M_0.1_F_h_Set_2,1.817285266,0,0.19047619,NA,NA,NA,179
M_0.1_F_h_Set_3,1.838594516,0,0.318181818,NA,NA,NA,162
M_0.1_F_lq_Set_1,1.819559992,0,0.047619048,2746.639555,66.6560652,3.35E-18,37
M_0.1_F_lq_Set_2,1.783324762,0,0.142857143,2720.429472,40.44598263,1.65E-12,24
M_0.1_F_lq_Set_3,1.771581689,0,0.136363636,2790.62663,110.6431403,9.43E-28,21
M_0.1_F_lp_Set_1,1.808479255,0,0.095238095,3975.956644,1295.973154,3.84E-285,108
M_0.1_F_lp_Set_2,1.766592156,0,0.19047619,2847.300211,167.3167209,4.66E-40,58
M_0.1_F_lp_Set_3,1.751934956,0,0.090909091,2864.718341,184.7348516,7.71E-44,47
M_0.1_F_lt_Set_1,1.881380927,0,1,NA,NA,NA,258
M_0.1_F_lt_Set_2,1.92600103,0,0.80952381,NA,NA,NA,206
M_0.1_F_lt_Set_3,1.894672799,0,0.909090909,NA,NA,NA,190
M_0.1_F_lh_Set_1,1.856678053,0,0.333333333,NA,NA,NA,231
M_0.1_F_lh_Set_2,1.815592113,0,0.19047619,NA,NA,NA,179
M_0.1_F_lh_Set_3,1.762417973,0,0.318181818,NA,NA,NA,163
M_0.1_F_qp_Set_1,1.823036385,0,0.095238095,3699.992365,1020.008875,3.24E-225,103
M_0.1_F_qp_Set_2,1.778562946,0,0.19047619,2770.105501,90.12201102,2.71E-23,50
M_0.1_F_qp_Set_3,1.753502096,0,0.136363636,2865.588687,185.6051971,5.00E-44,49
M_0.1_F_qt_Set_1,1.876713722,0,1,NA,NA,NA,258
M_0.1_F_qt_Set_2,1.924762167,0,0.80952381,NA,NA,NA,206
M_0.1_F_qt_Set_3,1.895122642,0,0.909090909,NA,NA,NA,190
M_0.1_F_qh_Set_1,1.84928893,0,0.333333333,NA,NA,NA,231
M_0.1_F_qh_Set_2,1.809268829,0,0.19047619,NA,NA,NA,171
M_0.1_F_qh_Set_3,1.839244749,0,0.318181818,NA,NA,NA,162
M_0.1_F_pt_Set_1,1.958250279,0,1,NA,NA,NA,254
M_0.1_F_pt_Set_2,1.910280535,0,0.857142857,NA,NA,NA,206
M_0.1_F_pt_Set_3,1.895754467,0,0.909090909,NA,NA,NA,190
M_0.1_F_ph_Set_1,1.858110407,0,0.333333333,NA,NA,NA,234
M_0.1_F_ph_Set_2,1.827109692,0,0.285714286,NA,NA,NA,159
M_0.1_F_ph_Set_3,1.830290154,0,0.318181818,NA,NA,NA,178
M_0.1_F_th_Set_1,1.95471544,0,1,NA,NA,NA,261
M_0.1_F_th_Set_2,1.920044427,0,0.857142857,NA,NA,NA,218
M_0.1_F_th_Set_3,1.815995418,0,0.909090909,NA,NA,NA,206
M_0.1_F_lqp_Set_1,1.794568771,0,0.047619048,4091.160926,1411.177436,3.71626449763527e-310,109
M_0.1_F_lqp_Set_2,1.814064931,0,0.142857143,2821.746702,141.7632124,1.66E-34,58
M_0.1_F_lqp_Set_3,1.771415919,0,0.181818182,2908.211598,228.2281082,2.79E-53,57
M_0.1_F_lqt_Set_1,1.878592302,0,1,NA,NA,NA,258
M_0.1_F_lqt_Set_2,1.924471596,0,0.80952381,NA,NA,NA,206
M_0.1_F_lqt_Set_3,1.89511154,0,0.909090909,NA,NA,NA,190
M_0.1_F_lqh_Set_1,1.850846449,0,0.333333333,NA,NA,NA,231
M_0.1_F_lqh_Set_2,1.804839187,0,0.19047619,NA,NA,NA,171
M_0.1_F_lqh_Set_3,1.741270667,0,0.318181818,NA,NA,NA,159
M_0.1_F_lpt_Set_1,1.95825723,0,1,NA,NA,NA,253
M_0.1_F_lpt_Set_2,1.911230469,0,0.857142857,NA,NA,NA,206
M_0.1_F_lpt_Set_3,1.911828398,0,0.909090909,NA,NA,NA,190
M_0.1_F_lph_Set_1,1.857975343,0,0.333333333,NA,NA,NA,234
M_0.1_F_lph_Set_2,1.830337159,0,0.285714286,NA,NA,NA,159
M_0.1_F_lph_Set_3,1.833992727,0,0.318181818,NA,NA,NA,168
M_0.1_F_lth_Set_1,1.955002483,0,1,NA,NA,NA,261
M_0.1_F_lth_Set_2,1.919472169,0,0.857142857,NA,NA,NA,218
M_0.1_F_lth_Set_3,1.816070445,0,0.909090909,NA,NA,NA,206
M_0.1_F_qpt_Set_1,1.957878848,0,1,NA,NA,NA,254
M_0.1_F_qpt_Set_2,1.926419412,0,0.80952381,NA,NA,NA,206
M_0.1_F_qpt_Set_3,1.894439165,0,0.909090909,NA,NA,NA,190
M_0.1_F_qph_Set_1,1.76173783,0,0.333333333,NA,NA,NA,232
M_0.1_F_qph_Set_2,1.802851248,0,0.285714286,NA,NA,NA,179
M_0.1_F_qph_Set_3,1.841164563,0,0.318181818,NA,NA,NA,177
M_0.1_F_qth_Set_1,1.954981306,0,1,NA,NA,NA,261
M_0.1_F_qth_Set_2,1.919942044,0,0.857142857,NA,NA,NA,218
M_0.1_F_qth_Set_3,1.822663626,0,0.909090909,NA,NA,NA,206
M_0.1_F_pth_Set_1,1.887501946,0,1,NA,NA,NA,257
M_0.1_F_pth_Set_2,1.921062556,0,0.857142857,NA,NA,NA,218
M_0.1_F_pth_Set_3,1.818979451,0,0.909090909,NA,NA,NA,206
M_0.1_F_lqpt_Set_1,1.957337441,0,1,NA,NA,NA,254
M_0.1_F_lqpt_Set_2,1.927870787,0,0.80952381,NA,NA,NA,206
M_0.1_F_lqpt_Set_3,1.912270291,0,0.909090909,NA,NA,NA,190
M_0.1_F_lqph_Set_1,1.760855712,0,0.333333333,NA,NA,NA,232
M_0.1_F_lqph_Set_2,1.803853992,0,0.285714286,NA,NA,NA,179
M_0.1_F_lqph_Set_3,1.822697962,0,0.318181818,NA,NA,NA,169
M_0.1_F_lqth_Set_1,1.954812216,0,1,NA,NA,NA,261
M_0.1_F_lqth_Set_2,1.918971664,0,0.857142857,NA,NA,NA,218
M_0.1_F_lqth_Set_3,1.820179916,0,0.909090909,NA,NA,NA,206
M_0.1_F_lpth_Set_1,1.883635592,0,1,NA,NA,NA,257
M_0.1_F_lpth_Set_2,1.92232273,0,0.857142857,NA,NA,NA,218
M_0.1_F_lpth_Set_3,1.908134759,0,0.909090909,NA,NA,NA,206
M_0.1_F_qpth_Set_1,1.884235491,0,1,NA,NA,NA,257
M_0.1_F_qpth_Set_2,1.918573059,0,0.857142857,NA,NA,NA,218
M_0.1_F_qpth_Set_3,1.809748083,0,0.909090909,NA,NA,NA,206
M_0.1_F_lqpth_Set_1,1.891738039,0,1,NA,NA,NA,257
M_0.1_F_lqpth_Set_2,1.920303089,0,0.857142857,NA,NA,NA,218
M_0.1_F_lqpth_Set_3,1.908812404,0,0.909090909,NA,NA,NA,206
M_0.2_F_l_Set_1,1.758280109,0,0.095238095,2726.647619,46.66412893,7.44E-14,21
M_0.2_F_l_Set_2,1.673141679,0,0.142857143,2745.489733,65.50624348,6.03E-18,12
M_0.2_F_l_Set_3,1.713387269,0,0.090909091,2793.991524,114.0080339,1.77E-28,11
M_0.2_F_q_Set_1,1.782315915,0,0.095238095,2698.257806,18.27431572,1.09E-07,21
M_0.2_F_q_Set_2,1.76409538,0,0.095238095,2680.577518,0.594028174,0.000753614,12
M_0.2_F_q_Set_3,1.721734408,0,0.090909091,2795.997712,116.0142219,6.52E-29,11
M_0.2_F_p_Set_1,1.765454993,0,0.142857143,3416.36265,736.3791598,1.27E-163,97
M_0.2_F_p_Set_2,1.759621198,0,0.19047619,2795.524806,115.5413159,8.28E-29,50
M_0.2_F_p_Set_3,1.720253437,0,0.136363636,2843.29723,163.3137398,3.51E-39,41
M_0.2_F_t_Set_1,1.934926282,0,0.952380952,NA,NA,NA,230
M_0.2_F_t_Set_2,1.883423273,0,0.761904762,NA,NA,NA,194
M_0.2_F_t_Set_3,1.87297348,0,0.818181818,NA,NA,NA,181
M_0.2_F_h_Set_1,1.833432552,0,0.238095238,NA,NA,NA,186
M_0.2_F_h_Set_2,1.781423382,0,0.19047619,NA,NA,NA,135
M_0.2_F_h_Set_3,1.79298382,0,0.318181818,NA,NA,NA,139
M_0.2_F_lq_Set_1,1.793059158,0,0.047619048,2737.674978,57.69148865,3.03E-16,36
M_0.2_F_lq_Set_2,1.781243262,0,0.142857143,2704.940965,24.95747491,3.88E-09,24
M_0.2_F_lq_Set_3,1.766249338,0,0.090909091,2789.662118,109.6786286,1.56E-27,20
M_0.2_F_lp_Set_1,1.780429986,0,0.142857143,3688.616396,1008.632907,9.72E-223,103
M_0.2_F_lp_Set_2,1.757473692,0,0.19047619,2810.691667,130.7081768,4.24E-32,51
M_0.2_F_lp_Set_3,1.72679206,0,0.136363636,2862.836148,182.8526587,2.02E-43,47
M_0.2_F_lt_Set_1,1.934046489,0,0.952380952,NA,NA,NA,230
M_0.2_F_lt_Set_2,1.883065093,0,0.761904762,NA,NA,NA,194
M_0.2_F_lt_Set_3,1.872013922,0,0.818181818,NA,NA,NA,181
M_0.2_F_lh_Set_1,1.832755432,0,0.238095238,NA,NA,NA,187
M_0.2_F_lh_Set_2,1.81201148,0,0.19047619,NA,NA,NA,133
M_0.2_F_lh_Set_3,1.788700752,0,0.318181818,NA,NA,NA,131
M_0.2_F_qp_Set_1,1.807393156,0,0.095238095,3724.224383,1044.240893,1.81E-230,103
M_0.2_F_qp_Set_2,1.7765895,0,0.19047619,2826.755308,146.7718179,1.38E-35,58
M_0.2_F_qp_Set_3,1.793381132,0,0.136363636,2862.490828,182.5073386,2.40E-43,48
M_0.2_F_qt_Set_1,1.935167052,0,0.952380952,NA,NA,NA,230
M_0.2_F_qt_Set_2,1.886690275,0,0.80952381,NA,NA,NA,194
M_0.2_F_qt_Set_3,1.872093538,0,0.818181818,NA,NA,NA,181
M_0.2_F_qh_Set_1,1.834218584,0,0.19047619,NA,NA,NA,188
M_0.2_F_qh_Set_2,1.796380168,0,0.238095238,NA,NA,NA,141
M_0.2_F_qh_Set_3,1.794669293,0,0.318181818,NA,NA,NA,138
M_0.2_F_pt_Set_1,1.933018097,0,1,NA,NA,NA,239
M_0.2_F_pt_Set_2,1.889017939,0,0.80952381,NA,NA,NA,194
M_0.2_F_pt_Set_3,1.872630458,0,0.818181818,NA,NA,NA,181
M_0.2_F_ph_Set_1,1.840833814,0,0.19047619,NA,NA,NA,189
M_0.2_F_ph_Set_2,1.82602761,0,0.19047619,NA,NA,NA,142
M_0.2_F_ph_Set_3,1.807689485,0,0.318181818,NA,NA,NA,148
M_0.2_F_th_Set_1,1.853086938,0,1,NA,NA,NA,242
M_0.2_F_th_Set_2,1.885857,0,0.761904762,NA,NA,NA,200
M_0.2_F_th_Set_3,1.864987075,0,0.818181818,NA,NA,NA,182
M_0.2_F_lqp_Set_1,1.804641664,0,0.095238095,3725.011543,1045.028053,1.22E-230,104
M_0.2_F_lqp_Set_2,1.805872018,0,0.19047619,2805.04148,125.0579899,7.19E-31,55
M_0.2_F_lqp_Set_3,1.777287341,0,0.136363636,2886.05645,206.0729603,1.84E-48,53
M_0.2_F_lqt_Set_1,1.934075733,0,0.952380952,NA,NA,NA,230
M_0.2_F_lqt_Set_2,1.886296534,0,0.80952381,NA,NA,NA,194
M_0.2_F_lqt_Set_3,1.872527321,0,0.818181818,NA,NA,NA,181
M_0.2_F_lqh_Set_1,1.834922758,0,0.19047619,NA,NA,NA,188
M_0.2_F_lqh_Set_2,1.786558741,0,0.238095238,NA,NA,NA,142
M_0.2_F_lqh_Set_3,1.825812255,0,0.318181818,19188.59572,16508.61223,0,127
M_0.2_F_lpt_Set_1,1.932635617,0,1,NA,NA,NA,239
M_0.2_F_lpt_Set_2,1.890288945,0,0.80952381,NA,NA,NA,194
M_0.2_F_lpt_Set_3,1.858452614,0,0.772727273,NA,NA,NA,181
M_0.2_F_lph_Set_1,1.835126453,0,0.095238095,NA,NA,NA,196
M_0.2_F_lph_Set_2,1.823963883,0,0.19047619,NA,NA,NA,140
M_0.2_F_lph_Set_3,1.782276159,0,0.272727273,NA,NA,NA,139
M_0.2_F_lth_Set_1,1.842716165,0,1,NA,NA,NA,242
M_0.2_F_lth_Set_2,1.886575785,0,0.761904762,NA,NA,NA,200
M_0.2_F_lth_Set_3,1.86479924,0,0.818181818,NA,NA,NA,182
M_0.2_F_qpt_Set_1,1.842215642,0,1,NA,NA,NA,230
M_0.2_F_qpt_Set_2,1.887056685,0,0.80952381,NA,NA,NA,194
M_0.2_F_qpt_Set_3,1.872407675,0,0.818181818,NA,NA,NA,181
M_0.2_F_qph_Set_1,1.833315765,0,0.095238095,NA,NA,NA,186
M_0.2_F_qph_Set_2,1.829848368,0,0.19047619,NA,NA,NA,136
M_0.2_F_qph_Set_3,1.787464651,0,0.318181818,NA,NA,NA,146
M_0.2_F_qth_Set_1,1.841809605,0,1,NA,NA,NA,242
M_0.2_F_qth_Set_2,1.886123985,0,0.761904762,NA,NA,NA,200
M_0.2_F_qth_Set_3,1.865511302,0,0.818181818,NA,NA,NA,182
M_0.2_F_pth_Set_1,1.9302929,0,1,NA,NA,NA,240
M_0.2_F_pth_Set_2,1.892149456,0,0.714285714,NA,NA,NA,200
M_0.2_F_pth_Set_3,1.864536077,0,0.818181818,NA,NA,NA,182
M_0.2_F_lqpt_Set_1,1.854572128,0,1,NA,NA,NA,233
M_0.2_F_lqpt_Set_2,1.807893858,0,0.714285714,NA,NA,NA,194
M_0.2_F_lqpt_Set_3,1.859352459,0,0.772727273,NA,NA,NA,181
M_0.2_F_lqph_Set_1,1.835552627,0,0.095238095,NA,NA,NA,186
M_0.2_F_lqph_Set_2,1.827874869,0,0.19047619,NA,NA,NA,130
M_0.2_F_lqph_Set_3,1.807799974,0,0.318181818,NA,NA,NA,141
M_0.2_F_lqth_Set_1,1.855151952,0,1,NA,NA,NA,242
M_0.2_F_lqth_Set_2,1.884555959,0,0.761904762,NA,NA,NA,200
M_0.2_F_lqth_Set_3,1.864336501,0,0.818181818,NA,NA,NA,182
M_0.2_F_lpth_Set_1,1.929622061,0,1,NA,NA,NA,240
M_0.2_F_lpth_Set_2,1.893974259,0,0.714285714,NA,NA,NA,200
M_0.2_F_lpth_Set_3,1.868837779,0,0.818181818,NA,NA,NA,182
M_0.2_F_qpth_Set_1,1.929766542,0,1,NA,NA,NA,242
M_0.2_F_qpth_Set_2,1.885869484,0,0.761904762,NA,NA,NA,200
M_0.2_F_qpth_Set_3,1.864590617,0,0.818181818,NA,NA,NA,182
M_0.2_F_lqpth_Set_1,1.92975367,0,1,NA,NA,NA,242
M_0.2_F_lqpth_Set_2,1.883211137,0,0.80952381,NA,NA,NA,200
M_0.2_F_lqpth_Set_3,1.869463851,0,0.818181818,NA,NA,NA,182
M_0.3_F_l_Set_1,1.757152316,0,0.095238095,2723.909165,43.92567476,2.99E-13,20
M_0.3_F_l_Set_2,1.673811896,0,0.142857143,2745.560708,65.57721811,5.95E-18,12
M_0.3_F_l_Set_3,1.709273954,0,0.090909091,2794.056882,114.073392,1.76E-28,11
M_0.3_F_q_Set_1,1.786507408,0,0.095238095,2695.514268,15.53077816,4.40E-07,20
M_0.3_F_q_Set_2,1.738455401,0,0.095238095,2680.506116,0.522626304,0.000798192,12
M_0.3_F_q_Set_3,1.729932717,0,0.090909091,2796.095085,116.1115951,6.35E-29,11
M_0.3_F_p_Set_1,1.765014179,0,0.142857143,3477.154966,797.1714759,8.18E-177,97
M_0.3_F_p_Set_2,1.755958669,0,0.19047619,2783.848502,103.8650127,2.90E-26,47
M_0.3_F_p_Set_3,1.715054378,0,0.136363636,2836.667743,156.6842535,9.86E-38,39
M_0.3_F_t_Set_1,1.90823974,0,0.952380952,NA,NA,NA,214
M_0.3_F_t_Set_2,1.860017948,0,0.666666667,NA,NA,NA,169
M_0.3_F_t_Set_3,1.833198917,0,0.590909091,NA,NA,NA,155
M_0.3_F_h_Set_1,1.844490096,0,0.047619048,NA,NA,NA,158
M_0.3_F_h_Set_2,1.761125734,0,0.142857143,4184.608132,1504.624642,0,111
M_0.3_F_h_Set_3,1.794854033,0,0.272727273,4027.568994,1347.585504,2.48E-296,108
M_0.3_F_lq_Set_1,1.788443472,0,0.047619048,2728.709619,48.72612917,2.74E-14,36
M_0.3_F_lq_Set_2,1.778276945,0,0.142857143,2694.375207,14.39171765,7.84E-07,21
M_0.3_F_lq_Set_3,1.753901238,0,0.090909091,2787.010646,107.0271566,6.01E-27,19
M_0.3_F_lp_Set_1,1.783674017,0,0.142857143,3339.921762,659.9382725,5.20E-147,93
M_0.3_F_lp_Set_2,1.762836901,0,0.19047619,2784.027037,104.0435468,2.68E-26,47
M_0.3_F_lp_Set_3,1.706266367,0,0.090909091,2875.193573,195.2100836,4.28E-46,49
M_0.3_F_lt_Set_1,1.910183914,0,0.952380952,NA,NA,NA,212
M_0.3_F_lt_Set_2,1.859558866,0,0.571428571,NA,NA,NA,169
M_0.3_F_lt_Set_3,1.84162849,0,0.545454545,NA,NA,NA,155
M_0.3_F_lh_Set_1,1.835454941,0,0.047619048,NA,NA,NA,166
M_0.3_F_lh_Set_2,1.750811889,0,0.19047619,4294.647948,1614.664459,0,112
M_0.3_F_lh_Set_3,1.769330811,0,0.272727273,3720.441855,1040.458366,1.23E-229,103
M_0.3_F_qp_Set_1,1.784206382,0,0.047619048,3253.435714,573.452224,3.15E-128,90
M_0.3_F_qp_Set_2,1.767885305,0,0.19047619,2778.43018,98.44669063,4.42E-25,50
M_0.3_F_qp_Set_3,1.74730675,0,0.136363636,2841.141586,161.1580965,1.07E-38,43
M_0.3_F_qt_Set_1,1.908429093,0,0.952380952,NA,NA,NA,214
M_0.3_F_qt_Set_2,1.863167174,0,0.666666667,NA,NA,NA,168
M_0.3_F_qt_Set_3,1.841337471,0,0.636363636,NA,NA,NA,155
M_0.3_F_qh_Set_1,1.84039379,0,0.047619048,NA,NA,NA,154
M_0.3_F_qh_Set_2,1.79834101,0,0.19047619,4088.633937,1408.650447,0.00E+00,110
M_0.3_F_qh_Set_3,1.803930545,0,0.272727273,4294.321235,1614.337745,0,111
M_0.3_F_pt_Set_1,1.925245877,0,1,NA,NA,NA,215
M_0.3_F_pt_Set_2,1.860430107,0,0.666666667,NA,NA,NA,169
M_0.3_F_pt_Set_3,1.752100803,0,0.727272727,NA,NA,NA,154
M_0.3_F_ph_Set_1,1.845928532,0,0.095238095,NA,NA,NA,158
M_0.3_F_ph_Set_2,1.771943789,0,0.19047619,4710.460911,2030.477421,0,115
M_0.3_F_ph_Set_3,1.666594252,0,0.272727273,6608.04953,3928.06604,0,121
M_0.3_F_th_Set_1,1.918835363,0,0.952380952,NA,NA,NA,222
M_0.3_F_th_Set_2,1.863713939,0,0.619047619,NA,NA,NA,172
M_0.3_F_th_Set_3,1.748241322,0,0.727272727,NA,NA,NA,162
M_0.3_F_lqp_Set_1,1.803328389,0,0.095238095,3514.172887,834.1893975,7.65E-185,99
M_0.3_F_lqp_Set_2,1.764896276,0,0.19047619,2815.223165,135.2396749,4.56E-33,55
M_0.3_F_lqp_Set_3,1.723464808,0,0.136363636,2865.600205,185.6167153,5.25E-44,49
M_0.3_F_lqt_Set_1,1.909103616,0,0.952380952,NA,NA,NA,217
M_0.3_F_lqt_Set_2,1.863043087,0,0.666666667,NA,NA,NA,168
M_0.3_F_lqt_Set_3,1.843048097,0,0.636363636,NA,NA,NA,155
M_0.3_F_lqh_Set_1,1.832771793,0,0.047619048,NA,NA,NA,156
M_0.3_F_lqh_Set_2,1.752009196,0,0.19047619,5117.146141,2437.162651,0,117
M_0.3_F_lqh_Set_3,1.799494746,0,0.272727273,3889.084684,1209.101195,2.98E-266,106
M_0.3_F_lpt_Set_1,1.925354011,0,1,NA,NA,NA,215
M_0.3_F_lpt_Set_2,1.76982105,0,0.666666667,NA,NA,NA,169
M_0.3_F_lpt_Set_3,1.748745023,0,0.727272727,NA,NA,NA,154
M_0.3_F_lph_Set_1,1.839536358,0,0.095238095,NA,NA,NA,158
M_0.3_F_lph_Set_2,1.762738571,0,0.19047619,5364.21965,2684.23616,0,118
M_0.3_F_lph_Set_3,1.75760811,0,0.272727273,NA,NA,NA,129
M_0.3_F_lth_Set_1,1.919535557,0,0.952380952,NA,NA,NA,222
M_0.3_F_lth_Set_2,1.864090485,0,0.619047619,NA,NA,NA,172
M_0.3_F_lth_Set_3,1.76122709,0,0.727272727,NA,NA,NA,162
M_0.3_F_qpt_Set_1,1.924375164,0,1,NA,NA,NA,219
M_0.3_F_qpt_Set_2,1.863210805,0,0.666666667,NA,NA,NA,168
M_0.3_F_qpt_Set_3,1.749552923,0,0.636363636,NA,NA,NA,155
M_0.3_F_qph_Set_1,1.841691644,0,0.095238095,NA,NA,NA,135
M_0.3_F_qph_Set_2,1.759349934,0,0.19047619,6041.888407,3361.904917,0,120
M_0.3_F_qph_Set_3,1.773779514,0,0.227272727,5772.511883,3092.528393,0,119
M_0.3_F_qth_Set_1,1.919292574,0,0.952380952,NA,NA,NA,222
M_0.3_F_qth_Set_2,1.851216651,0,0.619047619,NA,NA,NA,172
M_0.3_F_qth_Set_3,1.757670122,0,0.727272727,NA,NA,NA,162
M_0.3_F_pth_Set_1,1.912540661,0,0.952380952,NA,NA,NA,218
M_0.3_F_pth_Set_2,1.84822617,0,0.619047619,NA,NA,NA,172
M_0.3_F_pth_Set_3,1.85650775,0,0.727272727,NA,NA,NA,163
M_0.3_F_lqpt_Set_1,1.923768121,0,1,NA,NA,NA,219
M_0.3_F_lqpt_Set_2,1.87615141,0,0.619047619,NA,NA,NA,168
M_0.3_F_lqpt_Set_3,1.855647798,0,0.636363636,NA,NA,NA,155
M_0.3_F_lqph_Set_1,1.827215818,0,0.095238095,NA,NA,NA,158
M_0.3_F_lqph_Set_2,1.761332252,0,0.19047619,4289.058623,1609.075133,0,112
M_0.3_F_lqph_Set_3,1.757352995,0,0.272727273,5466.31654,2786.333051,0,118
M_0.3_F_lqth_Set_1,1.919269873,0,0.952380952,NA,NA,NA,213
M_0.3_F_lqth_Set_2,1.850500984,0,0.619047619,NA,NA,NA,172
M_0.3_F_lqth_Set_3,1.857962665,0,0.681818182,NA,NA,NA,162
M_0.3_F_lpth_Set_1,1.911907376,0,0.952380952,NA,NA,NA,206
M_0.3_F_lpth_Set_2,1.849610406,0,0.619047619,NA,NA,NA,172
M_0.3_F_lpth_Set_3,1.855563902,0,0.727272727,NA,NA,NA,163
M_0.3_F_qpth_Set_1,1.911842542,0,0.952380952,NA,NA,NA,222
M_0.3_F_qpth_Set_2,1.850244395,0,0.619047619,NA,NA,NA,172
M_0.3_F_qpth_Set_3,1.760114888,0,0.727272727,NA,NA,NA,162
M_0.3_F_lqpth_Set_1,1.912641249,0,0.952380952,NA,NA,NA,217
M_0.3_F_lqpth_Set_2,1.859387022,0,0.666666667,NA,NA,NA,172
M_0.3_F_lqpth_Set_3,1.854015709,0,0.727272727,NA,NA,NA,162
M_0.4_F_l_Set_1,1.756075685,0,0.095238095,2724.110946,44.12745654,2.81E-13,20
M_0.4_F_l_Set_2,1.671673709,0,0.142857143,2745.669738,65.68624781,5.85E-18,12
M_0.4_F_l_Set_3,1.709236451,0,0.045454545,2794.143413,114.159923,1.74E-28,11
M_0.4_F_q_Set_1,1.784599885,0,0.095238095,2695.704045,15.72055498,4.15E-07,20
M_0.4_F_q_Set_2,1.737625447,0,0.095238095,2680.409385,0.425894713,0.000869461,12
M_0.4_F_q_Set_3,1.729831427,0,0.090909091,2796.219419,116.2359287,6.19E-29,11
M_0.4_F_p_Set_1,1.768065638,0,0.142857143,3235.14456,555.1610701,3.03E-124,88
M_0.4_F_p_Set_2,1.757834379,0,0.19047619,2780.777703,100.7942129,1.40E-25,46
M_0.4_F_p_Set_3,1.713821099,0,0.090909091,2844.256028,164.2725383,2.30E-39,40
M_0.4_F_t_Set_1,1.869488453,0,0.904761905,NA,NA,NA,190
M_0.4_F_t_Set_2,1.839703013,0,0.476190476,NA,NA,NA,143
M_0.4_F_t_Set_3,1.846712437,0,0.363636364,NA,NA,NA,132
M_0.4_F_h_Set_1,1.83458929,0,0.047619048,NA,NA,NA,160
M_0.4_F_h_Set_2,1.742202086,0,0.095238095,3293.778215,613.794725,5.63E-137,94
M_0.4_F_h_Set_3,1.78593312,0,0.227272727,3322.830088,642.8465983,2.77E-143,91
M_0.4_F_lq_Set_1,1.813195872,0,0.095238095,2714.107498,34.12400844,4.22E-11,33
M_0.4_F_lq_Set_2,1.765658087,0,0.095238095,2697.16299,17.17950048,2.02E-07,22
M_0.4_F_lq_Set_3,1.771608228,0,0.090909091,2786.898996,106.915506,6.60E-27,18
M_0.4_F_lp_Set_1,1.774508135,0,0.142857143,3182.074966,502.0914757,1.02E-112,84
M_0.4_F_lp_Set_2,1.757737021,0,0.19047619,2762.503828,82.52033862,1.31E-21,42
M_0.4_F_lp_Set_3,1.707353614,0,0.090909091,2845.027592,165.0441019,1.58E-39,42
M_0.4_F_lt_Set_1,1.847167305,0,0.904761905,NA,NA,NA,197
M_0.4_F_lt_Set_2,1.845156337,0,0.428571429,NA,NA,NA,145
M_0.4_F_lt_Set_3,1.845234635,0,0.363636364,NA,NA,NA,132
M_0.4_F_lh_Set_1,1.830091338,0,0.047619048,35833.77989,33153.7964,0,128
M_0.4_F_lh_Set_2,1.736205485,0,0.19047619,3292.614363,612.6308735,1.02E-136,94
M_0.4_F_lh_Set_3,1.780779276,0,0.227272727,3084.780615,404.7971256,1.37E-91,77
M_0.4_F_qp_Set_1,1.800208122,0,0.095238095,3146.857231,466.8737412,4.56E-105,84
M_0.4_F_qp_Set_2,1.763674675,0,0.142857143,2773.706898,93.72340792,4.87E-24,48
M_0.4_F_qp_Set_3,1.733049978,0,0.045454545,2832.92474,152.9412501,6.75E-37,41
M_0.4_F_qt_Set_1,1.86561199,0,0.904761905,NA,NA,NA,190
M_0.4_F_qt_Set_2,1.840880552,0,0.428571429,NA,NA,NA,148
M_0.4_F_qt_Set_3,1.845181894,0,0.409090909,NA,NA,NA,132
M_0.4_F_qh_Set_1,1.835208311,0,0.047619048,NA,NA,NA,131
M_0.4_F_qh_Set_2,1.740987866,0,0.19047619,3176.70383,496.7203399,1.51E-111,89
M_0.4_F_qh_Set_3,1.782307167,0,0.227272727,3184.369943,504.3864528,3.27E-113,84
M_0.4_F_pt_Set_1,1.867044268,0,1,NA,NA,NA,193
M_0.4_F_pt_Set_2,1.847226592,0,0.476190476,NA,NA,NA,145
M_0.4_F_pt_Set_3,1.844549865,0,0.363636364,NA,NA,NA,131
M_0.4_F_ph_Set_1,1.835235038,0,0.047619048,NA,NA,NA,145
M_0.4_F_ph_Set_2,1.749435731,0,0.19047619,3720.585959,1040.60247,1.20E-229,105
M_0.4_F_ph_Set_3,1.789119213,0,0.181818182,3624.647005,944.6635149,8.15E-209,101
M_0.4_F_th_Set_1,1.858994075,0,0.857142857,NA,NA,NA,190
M_0.4_F_th_Set_2,1.87197518,0,0.476190476,NA,NA,NA,145
M_0.4_F_th_Set_3,1.846768654,0,0.363636364,NA,NA,NA,143
M_0.4_F_lqp_Set_1,1.772195586,0,0.095238095,3216.109336,536.1258461,4.21E-120,89
M_0.4_F_lqp_Set_2,1.764349815,0,0.142857143,2779.329024,99.34553379,2.95E-25,49
M_0.4_F_lqp_Set_3,1.723129079,0,0.090909091,2837.217945,157.2344552,7.95E-38,43
M_0.4_F_lqt_Set_1,1.86754867,0,0.904761905,NA,NA,NA,197
M_0.4_F_lqt_Set_2,1.839897329,0,0.428571429,NA,NA,NA,148
M_0.4_F_lqt_Set_3,1.843086378,0,0.409090909,NA,NA,NA,132
M_0.4_F_lqh_Set_1,1.83295459,0,0.047619048,10682.34082,8002.357333,0,125
M_0.4_F_lqh_Set_2,1.759424891,0,0.238095238,3219.803916,539.8204266,6.67E-121,91
M_0.4_F_lqh_Set_3,1.779213168,0,0.227272727,3110.298521,430.3150315,4.01E-97,79
M_0.4_F_lpt_Set_1,1.863442562,0,0.904761905,NA,NA,NA,193
M_0.4_F_lpt_Set_2,1.872514161,0,0.428571429,NA,NA,NA,144
M_0.4_F_lpt_Set_3,1.833624227,0,0.409090909,NA,NA,NA,131
M_0.4_F_lph_Set_1,1.836176895,0,0.047619048,NA,NA,NA,135
M_0.4_F_lph_Set_2,1.750963154,0,0.19047619,3567.308661,887.3251712,2.32E-196,102
M_0.4_F_lph_Set_3,1.75555036,0,0.181818182,3356.862003,676.8785133,1.16E-150,93
M_0.4_F_lth_Set_1,1.857645851,0,0.857142857,NA,NA,NA,184
M_0.4_F_lth_Set_2,1.872335046,0,0.523809524,NA,NA,NA,144
M_0.4_F_lth_Set_3,1.843913718,0,0.363636364,NA,NA,NA,143
M_0.4_F_qpt_Set_1,1.865979205,0,0.904761905,NA,NA,NA,192
M_0.4_F_qpt_Set_2,1.843448166,0,0.428571429,NA,NA,NA,146
M_0.4_F_qpt_Set_3,1.824164965,0,0.454545455,NA,NA,NA,135
M_0.4_F_qph_Set_1,1.837260938,0,0.047619048,NA,NA,NA,135
M_0.4_F_qph_Set_2,1.74102636,0,0.19047619,3344.68337,664.69988,5.11E-148,96
M_0.4_F_qph_Set_3,1.791787118,0,0.181818182,3206.911245,526.9277555,4.23E-118,86
M_0.4_F_qth_Set_1,1.859397926,0,0.857142857,NA,NA,NA,190
M_0.4_F_qth_Set_2,1.869951936,0,0.476190476,NA,NA,NA,142
M_0.4_F_qth_Set_3,1.841269058,0,0.363636364,NA,NA,NA,143
M_0.4_F_pth_Set_1,1.868149857,0,0.80952381,NA,NA,NA,192
M_0.4_F_pth_Set_2,1.866947593,0,0.476190476,NA,NA,NA,150
M_0.4_F_pth_Set_3,1.850246144,0,0.318181818,NA,NA,NA,140
M_0.4_F_lqpt_Set_1,1.870851487,0,0.952380952,NA,NA,NA,188
M_0.4_F_lqpt_Set_2,1.838295894,0,0.476190476,NA,NA,NA,146
M_0.4_F_lqpt_Set_3,1.824827518,0,0.454545455,NA,NA,NA,135
M_0.4_F_lqph_Set_1,1.832361583,0,0.047619048,NA,NA,NA,135
M_0.4_F_lqph_Set_2,1.737597425,0,0.19047619,3237.576978,557.5934886,9.28E-125,92
M_0.4_F_lqph_Set_3,1.793677805,0,0.181818182,3225.139546,545.1560565,4.66E-122,87
M_0.4_F_lqth_Set_1,1.859110554,0,0.857142857,NA,NA,NA,184
M_0.4_F_lqth_Set_2,1.870953081,0,0.476190476,NA,NA,NA,142
M_0.4_F_lqth_Set_3,1.842068832,0,0.363636364,NA,NA,NA,143
M_0.4_F_lpth_Set_1,1.855431706,0,0.857142857,NA,NA,NA,192
M_0.4_F_lpth_Set_2,1.866591003,0,0.428571429,NA,NA,NA,151
M_0.4_F_lpth_Set_3,1.847768265,0,0.318181818,NA,NA,NA,140
M_0.4_F_qpth_Set_1,1.857080155,0,0.857142857,NA,NA,NA,196
M_0.4_F_qpth_Set_2,1.869641008,0,0.476190476,NA,NA,NA,150
M_0.4_F_qpth_Set_3,1.843838771,0,0.363636364,NA,NA,NA,143
M_0.4_F_lqpth_Set_1,1.857161751,0,0.904761905,NA,NA,NA,196
M_0.4_F_lqpth_Set_2,1.869756562,0,0.476190476,NA,NA,NA,150
M_0.4_F_lqpth_Set_3,1.844201423,0,0.363636364,NA,NA,NA,143
M_0.5_F_l_Set_1,1.760659183,0,0.095238095,2724.364166,44.38067581,2.58E-13,20
M_0.5_F_l_Set_2,1.674553347,0,0.142857143,2745.764421,65.78093094,5.82E-18,12
M_0.5_F_l_Set_3,1.71451467,0,0.045454545,2791.813024,111.829534,5.83E-28,10
M_0.5_F_q_Set_1,1.786213518,0,0.095238095,2693.159105,13.17561509,1.54E-06,19
M_0.5_F_q_Set_2,1.740368919,0,0.095238095,2680.186655,0.203165581,0.001013418,12
M_0.5_F_q_Set_3,1.731078726,0,0.090909091,2796.372701,116.389211,5.98E-29,11
M_0.5_F_p_Set_1,1.774520669,0,0.095238095,3142.663061,462.6795711,3.81E-104,84
M_0.5_F_p_Set_2,1.735952783,0,0.142857143,2759.834853,79.85136306,5.15E-21,41
M_0.5_F_p_Set_3,1.716209439,0,0.045454545,2836.807222,156.8237325,9.95E-38,38
M_0.5_F_t_Set_1,1.829065881,0,0.666666667,NA,NA,NA,167
M_0.5_F_t_Set_2,1.835588083,0,0.380952381,4166.819383,1486.835893,0,112
M_0.5_F_t_Set_3,1.808867211,0,0.318181818,7112.935383,4432.951893,0,122
M_0.5_F_h_Set_1,1.79258781,0,0.047619048,5360.405276,2680.421787,0,118
M_0.5_F_h_Set_2,1.748785616,0,0.047619048,3393.760177,713.7766869,1.15E-158,97
M_0.5_F_h_Set_3,1.766057035,0,0.136363636,3263.317966,583.334476,2.43E-130,88
M_0.5_F_lq_Set_1,1.807845625,0,0.095238095,2711.687855,31.70436475,1.48E-10,32
M_0.5_F_lq_Set_2,1.766375927,0,0.095238095,2690.527255,10.54376529,5.83E-06,19
M_0.5_F_lq_Set_3,1.727097435,0,0.090909091,2790.920691,110.9372008,9.25E-28,19
M_0.5_F_lp_Set_1,1.778233829,0,0.095238095,3185.824987,505.841497,1.64E-113,85
M_0.5_F_lp_Set_2,1.756985473,0,0.142857143,2758.878937,78.89544703,8.41E-21,41
M_0.5_F_lp_Set_3,1.710201999,0,0,2844.54758,164.5640902,2.10E-39,42
M_0.5_F_lt_Set_1,1.837865202,0,0.761904762,NA,NA,NA,165
M_0.5_F_lt_Set_2,1.818520422,0,0.285714286,4288.411986,1608.428496,0,113
M_0.5_F_lt_Set_3,1.798326447,0,0.318181818,7912.245214,5232.261724,0,123
M_0.5_F_lh_Set_1,1.82860841,0,0.047619048,3326.729114,646.7456238,4.17E-144,96
M_0.5_F_lh_Set_2,1.742641058,0,0.047619048,2913.036092,233.0526021,2.83E-54,70
M_0.5_F_lh_Set_3,1.76115493,0,0.136363636,3032.774234,352.7907445,2.83E-80,72
M_0.5_F_qp_Set_1,1.773547515,0,0.095238095,3060.840213,380.8567228,2.28E-86,80
M_0.5_F_qp_Set_2,1.764372138,0,0.142857143,2757.851775,77.86828559,1.42E-20,44
M_0.5_F_qp_Set_3,1.736233122,0,0.045454545,2835.724934,155.7414441,1.75E-37,41
M_0.5_F_qt_Set_1,1.828790728,0,0.714285714,NA,NA,NA,167
M_0.5_F_qt_Set_2,1.841085953,0,0.333333333,5241.042575,2561.059085,0,118
M_0.5_F_qt_Set_3,1.799599735,0,0.318181818,7111.639027,4431.655537,0,122
M_0.5_F_qh_Set_1,1.790059647,0,0.047619048,4177.730405,1497.746915,0,111
M_0.5_F_qh_Set_2,1.731332249,0,0.142857143,2864.314714,184.3312244,1.09E-43,64
M_0.5_F_qh_Set_3,1.755663935,0,0.181818182,2994.625203,314.6417127,5.50E-72,68
M_0.5_F_pt_Set_1,1.826290033,0,0.761904762,NA,NA,NA,166
M_0.5_F_pt_Set_2,1.822825719,0,0.333333333,6382.735595,3702.752105,0,121
M_0.5_F_pt_Set_3,1.806406324,0,0.363636364,5673.633001,2993.649511,0,119
M_0.5_F_ph_Set_1,1.797396259,0,0.047619048,4547.861489,1867.877999,0,114
M_0.5_F_ph_Set_2,1.751617009,0,0.142857143,3172.190871,492.2073815,1.53E-110,89
M_0.5_F_ph_Set_3,1.779667892,0,0.136363636,3134.126036,454.1425464,2.82E-102,81
M_0.5_F_th_Set_1,1.828103405,0,0.666666667,NA,NA,NA,167
M_0.5_F_th_Set_2,1.792574273,0,0.380952381,5240.405061,2560.421571,0,118
M_0.5_F_th_Set_3,1.804846796,0,0.318181818,10706.28119,8026.297697,0,125
M_0.5_F_lqp_Set_1,1.768338312,0,0.095238095,3048.736824,368.7533344,9.86E-84,77
M_0.5_F_lqp_Set_2,1.765406738,0,0.142857143,2755.164789,75.18129876,5.53E-20,43
M_0.5_F_lqp_Set_3,1.704166607,0,0.090909091,2830.795295,150.8118051,2.09E-36,40
M_0.5_F_lqt_Set_1,1.835280033,0,0.761904762,NA,NA,NA,167
M_0.5_F_lqt_Set_2,1.842440235,0,0.333333333,5241.042575,2561.059085,0,118
M_0.5_F_lqt_Set_3,1.804316544,0,0.318181818,7911.392629,5231.409139,0,123
M_0.5_F_lqh_Set_1,1.782516444,0,0.047619048,4410.44467,1730.46118,0,113
M_0.5_F_lqh_Set_2,1.732205323,0,0.238095238,2799.607987,119.624497,1.24E-29,55
M_0.5_F_lqh_Set_3,1.762582311,0,0.181818182,3004.191776,324.2082863,4.68E-74,69
M_0.5_F_lpt_Set_1,1.831191255,0,0.761904762,NA,NA,NA,168
M_0.5_F_lpt_Set_2,1.822094484,0,0.380952381,5544.112458,2864.128968,0,119
M_0.5_F_lpt_Set_3,1.797713746,0,0.363636364,5673.633001,2993.649511,0,119
M_0.5_F_lph_Set_1,1.786555836,0,0.047619048,4541.840875,1861.857385,0,114
M_0.5_F_lph_Set_2,1.75136269,0,0.142857143,3238.273837,558.2903472,6.95E-125,92
M_0.5_F_lph_Set_3,1.778556755,0,0.136363636,3232.306275,552.3227849,1.38E-123,87
M_0.5_F_lth_Set_1,1.828198635,0,0.666666667,NA,NA,NA,163
M_0.5_F_lth_Set_2,1.80459546,0,0.380952381,5916.595044,3236.611554,0,120
M_0.5_F_lth_Set_3,1.808460579,0,0.318181818,35859.87655,33179.89306,0,128
M_0.5_F_qpt_Set_1,1.826712139,0,0.857142857,NA,NA,NA,167
M_0.5_F_qpt_Set_2,1.821849005,0,0.285714286,8897.53776,6217.55427,0,124
M_0.5_F_qpt_Set_3,1.82103823,0,0.363636364,7909.481405,5229.497916,0,123
M_0.5_F_qph_Set_1,1.79333922,0,0.047619048,3980.880639,1300.897149,3.89E-286,109
M_0.5_F_qph_Set_2,1.73897245,0,0.19047619,2959.607097,279.6236075,2.28E-64,75
M_0.5_F_qph_Set_3,1.781367689,0,0.136363636,3077.644059,397.6605689,5.33E-90,77
M_0.5_F_qth_Set_1,1.825669124,0,0.714285714,NA,NA,NA,167
M_0.5_F_qth_Set_2,1.808568037,0,0.380952381,6383.791674,3703.808184,0,121
M_0.5_F_qth_Set_3,1.803273,0,0.318181818,13499.16382,10819.18033,0,126
M_0.5_F_pth_Set_1,1.834264127,0,0.714285714,NA,NA,NA,171
M_0.5_F_pth_Set_2,1.804535922,0,0.333333333,10572.69431,7892.710816,0,125
M_0.5_F_pth_Set_3,1.80964338,0,0.318181818,13498.28173,10818.29824,0,126
M_0.5_F_lqpt_Set_1,1.826764726,0,0.761904762,NA,NA,NA,167
M_0.5_F_lqpt_Set_2,1.823687486,0,0.285714286,8897.53776,6217.55427,0,124
M_0.5_F_lqpt_Set_3,1.793862164,0,0.363636364,7909.481405,5229.497916,0,123
M_0.5_F_lqph_Set_1,1.799271924,0,0.047619048,4703.000022,2023.016532,0,115
M_0.5_F_lqph_Set_2,1.739242416,0,0.19047619,2959.915512,279.9320225,1.97E-64,75
M_0.5_F_lqph_Set_3,1.782155909,0,0.136363636,2980.449728,300.4662387,6.87E-69,68
M_0.5_F_lqth_Set_1,1.826466368,0,0.714285714,NA,NA,NA,166
M_0.5_F_lqth_Set_2,1.831791669,0,0.428571429,6383.791674,3703.808184,0,121
M_0.5_F_lqth_Set_3,1.80571569,0,0.318181818,19090.01927,16410.03578,0,127
M_0.5_F_lpth_Set_1,1.830358425,0,0.714285714,NA,NA,NA,176
M_0.5_F_lpth_Set_2,1.812709484,0,0.333333333,8896.220405,6216.236915,0,124
M_0.5_F_lpth_Set_3,1.805849762,0,0.318181818,13498.28173,10818.29824,0,126
M_0.5_F_qpth_Set_1,1.819381636,0,0.761904762,NA,NA,NA,174
M_0.5_F_qpth_Set_2,1.806198813,0,0.380952381,7777.153421,5097.169931,0,123
M_0.5_F_qpth_Set_3,1.806858044,0,0.318181818,NA,NA,NA,132
M_0.5_F_lqpth_Set_1,1.825150021,0,0.666666667,NA,NA,NA,174
M_0.5_F_lqpth_Set_2,1.809516927,0,0.380952381,7777.153421,5097.169931,0,123
M_0.5_F_lqpth_Set_3,1.803225537,0,0.318181818,NA,NA,NA,132
M_0.6_F_l_Set_1,1.757611849,0,0.095238095,2724.600492,44.61700175,2.50E-13,20
M_0.6_F_l_Set_2,1.67382882,0,0.095238095,2745.868935,65.8854454,6.02E-18,12
M_0.6_F_l_Set_3,1.712070962,0,0.045454545,2791.87379,111.8903004,6.17E-28,10
M_0.6_F_q_Set_1,1.786426325,0,0.095238095,2693.516464,13.53297467,1.41E-06,19
M_0.6_F_q_Set_2,1.739001628,0,0.095238095,2680.335556,0.352065751,0.001026063,12
M_0.6_F_q_Set_3,1.731791562,0,0.090909091,2794.10885,114.1253605,2.02E-28,10
M_0.6_F_p_Set_1,1.770165789,0,0.142857143,3146.931081,466.9475913,4.92E-105,85
M_0.6_F_p_Set_2,1.729485752,0,0.142857143,2749.475167,69.49167738,9.98E-19,38
M_0.6_F_p_Set_3,1.716101208,0,0.045454545,2827.235182,147.2516918,1.30E-35,35
M_0.6_F_t_Set_1,1.809157644,0,0.571428571,NA,NA,NA,143
M_0.6_F_t_Set_2,1.771657237,0,0.285714286,3385.572644,705.5891544,7.47E-157,100
M_0.6_F_t_Set_3,1.777537729,0,0.318181818,3473.374205,793.3907155,6.43E-176,99
M_0.6_F_h_Set_1,1.785461876,0,0.047619048,3206.094325,526.1108347,7.04E-118,91
M_0.6_F_h_Set_2,1.752249492,0,0.047619048,2931.890321,251.9068307,2.46E-58,71
M_0.6_F_h_Set_3,1.724087312,0,0.136363636,3108.447023,428.4635328,1.13E-96,78
M_0.6_F_lq_Set_1,1.808084131,0,0.095238095,2703.699294,23.71580469,8.77E-09,28
M_0.6_F_lq_Set_2,1.766581009,0,0.095238095,2683.717363,3.733873033,0.000191701,16
M_0.6_F_lq_Set_3,1.717806541,0,0.090909091,2793.354834,113.3713442,2.99E-28,19
M_0.6_F_lp_Set_1,1.784159857,0,0.095238095,3062.52613,382.5426403,1.06E-86,78
M_0.6_F_lp_Set_2,1.754153107,0,0.142857143,2744.442886,64.45939646,1.25E-17,36
M_0.6_F_lp_Set_3,1.715125066,0,0.045454545,2839.89076,159.9072702,2.36E-38,40
M_0.6_F_lt_Set_1,1.831768512,0,0.571428571,NA,NA,NA,144
M_0.6_F_lt_Set_2,1.802610414,0,0.238095238,3426.273761,746.2902707,1.10E-165,101
M_0.6_F_lt_Set_3,1.778640839,0,0.318181818,3554.348388,874.3648984,1.70E-193,101
M_0.6_F_lh_Set_1,1.778220366,0,0.047619048,3141.524778,461.5412884,7.50E-104,88
M_0.6_F_lh_Set_2,1.752053414,0,0.047619048,2841.785684,161.8021939,9.18E-39,61
M_0.6_F_lh_Set_3,1.743921179,0,0.136363636,2951.302954,271.3194645,1.52E-62,62
M_0.6_F_qp_Set_1,1.767776842,0,0.095238095,3032.716213,352.7327233,3.19E-80,78
M_0.6_F_qp_Set_2,1.76277678,0,0.142857143,2756.934702,76.95121195,2.45E-20,43
M_0.6_F_qp_Set_3,1.704202701,0,0.045454545,2814.305733,134.3222431,8.56E-33,35
M_0.6_F_qt_Set_1,1.829510709,0,0.571428571,NA,NA,NA,144
M_0.6_F_qt_Set_2,1.784778498,0,0.238095238,3385.733891,705.7504013,7.06E-157,100
M_0.6_F_qt_Set_3,1.769925246,0,0.318181818,3878.664846,1198.681357,6.47E-264,107
M_0.6_F_qh_Set_1,1.78898392,0,0.047619048,3009.842043,329.8585535,2.98E-75,80
M_0.6_F_qh_Set_2,1.7308774,0,0.142857143,2833.185523,153.2020331,6.83E-37,59
M_0.6_F_qh_Set_3,1.748546183,0,0.136363636,2965.967749,285.9842595,1.00E-65,64
M_0.6_F_pt_Set_1,1.827687946,0,0.571428571,NA,NA,NA,151
M_0.6_F_pt_Set_2,1.788669903,0,0.285714286,3750.620967,1070.637477,4.14E-236,107
M_0.6_F_pt_Set_3,1.782566577,0,0.318181818,3470.326809,790.3433195,3.04E-175,99
M_0.6_F_ph_Set_1,1.789399922,0,0.047619048,3653.730876,973.7473865,4.55E-215,104
M_0.6_F_ph_Set_2,1.757761913,0,0.19047619,2952.323539,272.3400491,9.27E-63,74
M_0.6_F_ph_Set_3,1.752072675,0,0.136363636,3060.197688,380.2141986,3.49E-86,75
M_0.6_F_th_Set_1,1.810263131,0,0.571428571,NA,NA,NA,147
M_0.6_F_th_Set_2,1.780381541,0,0.285714286,3469.624083,789.6405934,4.34E-175,102
M_0.6_F_th_Set_3,1.783884603,0,0.318181818,3595.196679,915.2131889,2.35E-202,102
M_0.6_F_lqp_Set_1,1.7691799,0,0.142857143,3117.349583,437.3660928,1.36E-98,85
M_0.6_F_lqp_Set_2,1.764911054,0,0.142857143,2748.2014,68.21791026,1.97E-18,41
M_0.6_F_lqp_Set_3,1.700087647,0,0.045454545,2839.437134,159.4536444,3.04E-38,42
M_0.6_F_lqt_Set_1,1.827257909,0,0.571428571,NA,NA,NA,146
M_0.6_F_lqt_Set_2,1.798303059,0,0.238095238,3473.227391,793.2439013,7.21E-176,102
M_0.6_F_lqt_Set_3,1.756587056,0,0.318181818,3342.370751,662.3872613,1.88E-147,95
M_0.6_F_lqh_Set_1,1.780883993,0,0.047619048,3232.19927,552.2157803,1.58E-123,92
M_0.6_F_lqh_Set_2,1.732411712,0,0.142857143,2806.338367,126.3548772,4.71E-31,55
M_0.6_F_lqh_Set_3,1.747482151,0,0.136363636,2966.597977,286.6144867,7.47E-66,64
M_0.6_F_lpt_Set_1,1.826421631,0,0.571428571,NA,NA,NA,143
M_0.6_F_lpt_Set_2,1.792793851,0,0.285714286,3823.497389,1143.5139,6.32E-252,108
M_0.6_F_lpt_Set_3,1.775818481,0,0.318181818,3640.976598,960.9931086,2.72E-212,103
M_0.6_F_lph_Set_1,1.785378489,0,0.047619048,3911.64081,1231.65732,4.59E-271,108
M_0.6_F_lph_Set_2,1.753491184,0,0.142857143,2974.417142,294.4336518,1.51E-67,76
M_0.6_F_lph_Set_3,1.794262633,0,0.136363636,3026.603581,346.6200909,7.02E-79,72
M_0.6_F_lth_Set_1,1.825092759,0,0.571428571,NA,NA,NA,149
M_0.6_F_lth_Set_2,1.778310871,0,0.285714286,3516.888565,836.9050756,2.41E-185,103
M_0.6_F_lth_Set_3,1.779818379,0,0.318181818,3509.33365,829.3501603,1.06E-183,100
M_0.6_F_qpt_Set_1,1.824570344,0,0.571428571,NA,NA,NA,148
M_0.6_F_qpt_Set_2,1.77656233,0,0.285714286,3625.491006,945.5075165,6.33E-209,105
M_0.6_F_qpt_Set_3,1.788741086,0,0.318181818,3745.690602,1065.707112,5.02E-235,105
M_0.6_F_qph_Set_1,1.785533343,0,0.047619048,3276.40778,596.4242903,4.02E-133,94
M_0.6_F_qph_Set_2,1.741649125,0,0.19047619,2845.25505,165.2715604,1.69E-39,62
M_0.6_F_qph_Set_3,1.750382336,0,0.136363636,2944.32382,264.3403304,5.21E-61,63
M_0.6_F_qth_Set_1,1.827042528,0,0.571428571,NA,NA,NA,147
M_0.6_F_qth_Set_2,1.793554777,0,0.285714286,3625.360528,945.3770386,6.80E-209,105
M_0.6_F_qth_Set_3,1.777062873,0,0.318181818,3550.614565,870.6310753,1.16E-192,101
M_0.6_F_pth_Set_1,1.810989777,0,0.571428571,NA,NA,NA,153
M_0.6_F_pth_Set_2,1.785706903,0,0.285714286,3623.621355,943.6378652,1.63E-208,105
M_0.6_F_pth_Set_3,1.784106547,0,0.318181818,3506.46732,826.4838299,4.48E-183,100
M_0.6_F_lqpt_Set_1,1.831307391,0,0.571428571,NA,NA,NA,149
M_0.6_F_lqpt_Set_2,1.77950911,0,0.285714286,3517.086257,837.1027668,2.22E-185,103
M_0.6_F_lqpt_Set_3,1.765756709,0,0.318181818,3805.307991,1125.324501,5.76E-248,106
M_0.6_F_lqph_Set_1,1.78766673,0,0.047619048,3222.784858,542.801368,1.79E-121,92
M_0.6_F_lqph_Set_2,1.739117876,0,0.19047619,2869.747144,189.7636544,8.24E-45,65
M_0.6_F_lqph_Set_3,1.787259655,0,0.136363636,2978.814649,298.8311588,1.71E-68,67
M_0.6_F_lqth_Set_1,1.829171223,0,0.571428571,NA,NA,NA,149
M_0.6_F_lqth_Set_2,1.815395554,0,0.238095238,3625.45981,945.4763199,6.55E-209,105
M_0.6_F_lqth_Set_3,1.776532563,0,0.318181818,3470.856664,790.8731741,2.44E-175,99
M_0.6_F_lpth_Set_1,1.81074713,0,0.571428571,NA,NA,NA,153
M_0.6_F_lpth_Set_2,1.78310265,0,0.333333333,3900.31479,1220.3313,1.36E-268,109
M_0.6_F_lpth_Set_3,1.77868258,0,0.318181818,3397.478701,717.4952114,2.10E-159,97
M_0.6_F_qpth_Set_1,1.819250416,0,0.571428571,NA,NA,NA,152
M_0.6_F_qpth_Set_2,1.783120012,0,0.285714286,3748.551348,1068.567858,1.23E-235,107
M_0.6_F_qpth_Set_3,1.791863055,0,0.318181818,3545.860614,865.877124,1.27E-191,101
M_0.6_F_lqpth_Set_1,1.806461369,0,0.571428571,NA,NA,NA,153
M_0.6_F_lqpth_Set_2,1.783935309,0,0.285714286,3988.488865,1308.505375,9.74E-288,110
M_0.6_F_lqpth_Set_3,1.77506547,0,0.318181818,3641.290058,961.3065678,2.41E-212,103
M_0.7_F_l_Set_1,1.758354676,0,0.095238095,2724.971983,44.98849352,2.29E-13,20
M_0.7_F_l_Set_2,1.6767101,0,0.095238095,2746.00378,66.02028975,6.20E-18,12
M_0.7_F_l_Set_3,1.715114628,0,0.045454545,2791.949895,111.9664048,6.55E-28,10
M_0.7_F_q_Set_1,1.788740624,0,0.095238095,2693.910405,13.92691511,1.28E-06,19
M_0.7_F_q_Set_2,1.740330288,0,0.095238095,2680.693374,0.709884526,0.000946121,12
M_0.7_F_q_Set_3,1.728007154,0,0.090909091,2794.234087,114.2505967,2.10E-28,10
M_0.7_F_p_Set_1,1.785795133,0,0.095238095,2985.902612,305.919122,5.03E-70,71
M_0.7_F_p_Set_2,1.727654462,0,0.142857143,2735.592515,55.60902486,1.14E-15,34
M_0.7_F_p_Set_3,1.715191361,0,0.045454545,2821.319844,141.3363544,2.76E-34,33
M_0.7_F_t_Set_1,1.786448805,0,0.476190476,6984.763927,4304.780437,0,122
M_0.7_F_t_Set_2,1.774445654,0,0.238095238,3020.070109,340.0866194,1.93E-77,85
M_0.7_F_t_Set_3,1.762763611,0,0.318181818,3060.515392,380.5319017,3.18E-86,80
M_0.7_F_h_Set_1,1.782228922,0,0.047619048,3031.089886,351.1063962,7.82E-80,81
M_0.7_F_h_Set_2,1.754195688,0,0.047619048,3004.413751,324.4302608,4.86E-74,77
M_0.7_F_h_Set_3,1.737468131,0,0.090909091,2978.677392,298.6939026,1.89E-68,65
M_0.7_F_lq_Set_1,1.808072397,0,0.095238095,2699.818913,19.83542322,6.75E-08,26
M_0.7_F_lq_Set_2,1.764531598,0,0.095238095,2685.073435,5.089945287,0.000107615,16
M_0.7_F_lq_Set_3,1.721482037,0,0.090909091,2786.832449,106.8489596,8.63E-27,16
M_0.7_F_lp_Set_1,1.783139278,0,0.095238095,3049.116069,369.1325787,9.60E-84,76
M_0.7_F_lp_Set_2,1.731622954,0,0.095238095,2743.415453,63.43196308,2.32E-17,36
M_0.7_F_lp_Set_3,1.71054696,0,0.045454545,2828.819684,148.8361938,6.61E-36,37
M_0.7_F_lt_Set_1,1.810676279,0,0.333333333,5919.155974,3239.172485,0,120
M_0.7_F_lt_Set_2,1.786560708,0,0.19047619,2957.916464,277.9329739,6.14E-64,81
M_0.7_F_lt_Set_3,1.757063716,0,0.181818182,3076.330678,396.3471884,1.19E-89,81
M_0.7_F_lh_Set_1,1.770785367,0,0.047619048,3059.103898,379.1204083,6.56E-86,83
M_0.7_F_lh_Set_2,1.751064401,0,0.047619048,2841.868573,161.8850828,9.76E-39,60
M_0.7_F_lh_Set_3,1.766667284,0,0.090909091,2901.690479,221.7069892,1.00E-51,54
M_0.7_F_qp_Set_1,1.763829885,0,0.142857143,2911.452295,231.4688054,7.60E-54,68
M_0.7_F_qp_Set_2,1.762127543,0,0.142857143,2737.668411,57.68492156,4.15E-16,38
M_0.7_F_qp_Set_3,1.703206796,0,0.045454545,2806.517669,126.5341795,4.66E-31,32
M_0.7_F_qt_Set_1,1.798769594,0,0.333333333,4986.56812,2306.584631,0,117
M_0.7_F_qt_Set_2,1.772666101,0,0.19047619,2957.335192,277.3517025,8.32E-64,81
M_0.7_F_qt_Set_3,1.753521807,0,0.227272727,3175.183003,495.1995128,4.13E-111,87
M_0.7_F_qh_Set_1,1.785127213,0,0.047619048,2918.67308,238.6895904,2.07E-55,72
M_0.7_F_qh_Set_2,1.734071325,0,0.095238095,2778.120392,98.13690178,6.88E-25,49
M_0.7_F_qh_Set_3,1.757136472,0,0.090909091,2919.335183,239.3516931,1.49E-55,57
M_0.7_F_pt_Set_1,1.816572476,0,0.333333333,10571.66109,7891.677597,0,125
M_0.7_F_pt_Set_2,1.792494253,0,0.19047619,3053.457971,373.4744807,1.12E-84,87
M_0.7_F_pt_Set_3,1.766818942,0,0.227272727,3133.744405,453.7609157,4.14E-102,85
M_0.7_F_ph_Set_1,1.785986261,0,0.047619048,4293.003282,1613.019792,0,112
M_0.7_F_ph_Set_2,1.756235904,0,0.142857143,2934.941304,254.9578146,6.14E-59,72
M_0.7_F_ph_Set_3,1.72559974,0,0.136363636,2950.529622,270.5461323,2.53E-62,63
M_0.7_F_th_Set_1,1.792408967,0,0.333333333,7780.152923,5100.169433,0,123
M_0.7_F_th_Set_2,1.782924482,0,0.19047619,3116.88548,436.9019898,1.91E-98,90
M_0.7_F_th_Set_3,1.772115379,0,0.318181818,3281.060943,601.0774528,4.28E-134,92
M_0.7_F_lqp_Set_1,1.79520258,0,0.142857143,2861.407921,181.4244309,5.74E-43,63
M_0.7_F_lqp_Set_2,1.769276227,0,0.142857143,2734.81931,54.83582047,1.77E-15,37
M_0.7_F_lqp_Set_3,1.702694408,0,0.045454545,2846.489999,166.506509,9.99E-40,43
M_0.7_F_lqt_Set_1,1.800489009,0,0.333333333,5545.630903,2865.647413,0,119
M_0.7_F_lqt_Set_2,1.780568341,0,0.19047619,2989.066691,309.0832009,1.10E-70,83
M_0.7_F_lqt_Set_3,1.766786856,0,0.227272727,3034.198763,354.2152727,1.74E-80,78
M_0.7_F_lqh_Set_1,1.778834351,0,0.047619048,3001.017447,321.0339574,2.80E-73,79
M_0.7_F_lqh_Set_2,1.736671119,0,0.142857143,2823.668633,143.6851428,9.08E-35,57
M_0.7_F_lqh_Set_3,1.760968737,0,0.090909091,2878.803905,198.8204153,9.69E-47,50
M_0.7_F_lpt_Set_1,1.812765501,0,0.333333333,6980.292564,4300.309074,0,122
M_0.7_F_lpt_Set_2,1.800909378,0,0.19047619,3114.971868,434.9883778,5.06E-98,90
M_0.7_F_lpt_Set_3,1.759239164,0,0.272727273,3082.514255,402.530765,5.66E-91,82
M_0.7_F_lph_Set_1,1.776159603,0,0.047619048,3998.779617,1318.796128,6.16E-290,109
M_0.7_F_lph_Set_2,1.754130018,0,0.142857143,3031.370986,351.3874959,7.25E-80,80
M_0.7_F_lph_Set_3,1.72792345,0,0.136363636,2892.921125,212.9376356,8.41E-50,55
M_0.7_F_lth_Set_1,1.792380754,0,0.333333333,10573.08804,7893.104547,0,125
M_0.7_F_lth_Set_2,1.785816199,0,0.19047619,3002.0056,322.0221099,1.73E-73,84
M_0.7_F_lth_Set_3,1.78792298,0,0.227272727,3193.28881,513.3053201,5.04E-115,88
M_0.7_F_qpt_Set_1,1.781643388,0,0.333333333,5914.750728,3234.767238,0,120
M_0.7_F_qpt_Set_2,1.785840154,0,0.19047619,3018.300124,338.316634,5.04E-77,85
M_0.7_F_qpt_Set_3,1.777576307,0,0.181818182,3082.093391,402.1099009,7.08E-91,82
M_0.7_F_qph_Set_1,1.769748632,0,0.047619048,3305.051861,625.068371,2.73E-139,95
M_0.7_F_qph_Set_2,1.744875755,0,0.142857143,2917.739664,237.7561738,3.47E-55,70
M_0.7_F_qph_Set_3,1.732314465,0,0.136363636,2910.264615,230.2811249,1.46E-53,58
M_0.7_F_qth_Set_1,1.792202454,0,0.285714286,8897.560656,6217.577167,0,124
M_0.7_F_qth_Set_2,1.777299354,0,0.19047619,3037.550369,357.5668794,3.36E-81,86
M_0.7_F_qth_Set_3,1.760824605,0,0.318181818,3307.417637,627.4341476,8.43E-140,93
M_0.7_F_pth_Set_1,1.821583436,0,0.333333333,NA,NA,NA,131
M_0.7_F_pth_Set_2,1.793426243,0,0.238095238,3112.124206,432.1407164,2.16E-97,90
M_0.7_F_pth_Set_3,1.809740704,0,0.181818182,3188.956513,508.9730234,4.47E-114,88
M_0.7_F_lqpt_Set_1,1.809951623,0,0.333333333,18959.95527,16279.97178,0,127
M_0.7_F_lqpt_Set_2,1.786749069,0,0.19047619,2955.504801,275.5213108,2.21E-63,81
M_0.7_F_lqpt_Set_3,1.773511938,0,0.181818182,3080.655224,400.6717339,1.48E-90,82
M_0.7_F_lqph_Set_1,1.778720206,0,0.047619048,3334.883078,654.8995886,9.24E-146,96
M_0.7_F_lqph_Set_2,1.744084974,0,0.19047619,2917.541788,237.5582979,3.90E-55,70
M_0.7_F_lqph_Set_3,1.733743093,0,0.090909091,2875.769018,195.7855284,4.59E-46,52
M_0.7_F_lqth_Set_1,1.789614993,0,0.285714286,7778.354837,5098.371348,0,123
M_0.7_F_lqth_Set_2,1.780278752,0,0.19047619,2971.961977,291.9784873,5.96E-67,82
M_0.7_F_lqth_Set_3,1.792023847,0,0.227272727,3214.043568,534.0600785,1.62E-119,89
M_0.7_F_lpth_Set_1,1.821156877,0,0.333333333,NA,NA,NA,134
M_0.7_F_lpth_Set_2,1.794913412,0,0.19047619,3183.264993,503.2815031,7.81E-113,93
M_0.7_F_lpth_Set_3,1.800433492,0,0.181818182,3096.296522,416.3130321,6.00E-94,83
M_0.7_F_qpth_Set_1,1.812838373,0,0.238095238,NA,NA,NA,131
M_0.7_F_qpth_Set_2,1.786229711,0,0.19047619,3071.35597,391.3724799,1.57E-88,88
M_0.7_F_qpth_Set_3,1.800694554,0,0.181818182,3116.420055,436.4365648,2.57E-98,84
M_0.7_F_lqpth_Set_1,1.812336613,0,0.238095238,8894.454236,6214.470746,0,124
M_0.7_F_lqpth_Set_2,1.785530314,0,0.19047619,3269.673692,589.690202,1.36E-131,96
M_0.7_F_lqpth_Set_3,1.774105123,0,0.181818182,3100.017161,420.0336711,9.41E-95,83
M_0.8_F_l_Set_1,1.755021392,0,0.095238095,2725.364984,45.38149469,2.13E-13,20
M_0.8_F_l_Set_2,1.676441966,0,0.095238095,2746.159755,66.17626485,6.52E-18,12
M_0.8_F_l_Set_3,1.714229286,0,0.045454545,2792.039666,112.0561766,7.12E-28,10
M_0.8_F_q_Set_1,1.783203257,0,0.095238095,2694.417803,14.43431339,1.13E-06,19
M_0.8_F_q_Set_2,1.738585697,0,0.095238095,2681.178415,1.194925662,0.000844164,12
M_0.8_F_q_Set_3,1.681729131,0,0.090909091,2794.37731,114.3938205,2.22E-28,10
M_0.8_F_p_Set_1,1.790887151,0,0.047619048,2906.906051,226.9225608,8.16E-53,64
M_0.8_F_p_Set_2,1.729609186,0,0.095238095,2736.062654,56.07916445,1.02E-15,33
M_0.8_F_p_Set_3,1.710931478,0,0.045454545,2802.230368,122.2468778,4.40E-30,27
M_0.8_F_t_Set_1,1.790112504,0,0.428571429,3386.144642,706.1611522,7.05E-157,100
M_0.8_F_t_Set_2,1.757721384,0,0.19047619,2839.491858,159.5083682,3.57E-38,69
M_0.8_F_t_Set_3,1.744860016,0,0.227272727,2972.242486,292.2589961,5.34E-67,71
M_0.8_F_h_Set_1,1.782979467,0,0.047619048,2961.801114,281.8176238,9.89E-65,75
M_0.8_F_h_Set_2,1.756154954,0,0.047619048,2888.241513,208.258023,9.32E-49,65
M_0.8_F_h_Set_3,1.711603328,0,0.090909091,2917.100726,237.1172362,5.05E-55,56
M_0.8_F_lq_Set_1,1.805446989,0,0.095238095,2700.349446,20.36595659,5.90E-08,26
M_0.8_F_lq_Set_2,1.765013265,0,0.095238095,2683.536493,3.553003684,0.000264443,15
M_0.8_F_lq_Set_3,1.718481699,0,0.090909091,2790.997601,111.0141111,1.22E-27,17
M_0.8_F_lp_Set_1,1.791089868,0,0.047619048,3016.335118,336.3516278,1.44E-76,73
M_0.8_F_lp_Set_2,1.722784353,0,0.095238095,2732.372807,52.3893168,6.60E-15,32
M_0.8_F_lp_Set_3,1.710208098,0,0.045454545,2812.269733,132.2862428,2.96E-32,31
M_0.8_F_lt_Set_1,1.811543552,0,0.238095238,3386.254895,706.2714054,6.80E-157,100
M_0.8_F_lt_Set_2,1.769905954,0,0.142857143,2786.727677,106.7441869,1.04E-26,63
M_0.8_F_lt_Set_3,1.738834202,0,0.181818182,2955.427224,275.4437339,2.44E-63,69
M_0.8_F_lh_Set_1,1.772104036,0,0.047619048,3007.842408,327.8589183,1.01E-74,79
M_0.8_F_lh_Set_2,1.754371123,0,0.047619048,2884.912026,204.9285366,5.02E-48,65
M_0.8_F_lh_Set_3,1.783355158,0,0.090909091,2866.585774,186.6022841,4.79E-44,47
M_0.8_F_qp_Set_1,1.745863326,0,0.095238095,2869.869563,189.8860731,9.29E-45,62
M_0.8_F_qp_Set_2,1.741763067,0,0.142857143,2729.983133,49.9996429,2.21E-14,35
M_0.8_F_qp_Set_3,1.70358716,0,0.045454545,2800.944397,120.9609074,8.64E-30,30
M_0.8_F_qt_Set_1,1.777249521,0,0.238095238,3310.068504,630.0850139,2.41E-140,98
M_0.8_F_qt_Set_2,1.754886787,0,0.19047619,2805.194976,125.2114858,1.03E-30,65
M_0.8_F_qt_Set_3,1.732491216,0,0.181818182,3040.456841,360.4733511,8.49E-82,77
M_0.8_F_qh_Set_1,1.770893645,0,0.047619048,2924.141919,244.1584294,1.54E-56,72
M_0.8_F_qh_Set_2,1.735808996,0,0.095238095,2748.738761,68.7552709,1.89E-18,42
M_0.8_F_qh_Set_3,1.772214761,0,0.090909091,2886.250699,206.2672088,2.61E-48,51
M_0.8_F_pt_Set_1,1.788220134,0,0.19047619,3560.459771,880.4762812,1.03E-194,104
M_0.8_F_pt_Set_2,1.774050633,0,0.142857143,2831.352174,151.3686845,2.18E-36,69
M_0.8_F_pt_Set_3,1.748742271,0,0.181818182,2996.150132,316.1666424,3.58E-72,74
M_0.8_F_ph_Set_1,1.778692571,0,0.047619048,3309.676388,629.6928983,2.98E-140,95
M_0.8_F_ph_Set_2,1.754492237,0,0.095238095,2984.349294,304.3658045,1.31E-69,76
M_0.8_F_ph_Set_3,1.741920661,0,0.090909091,2923.083468,243.0999787,2.65E-56,59
M_0.8_F_th_Set_1,1.807309567,0,0.238095238,3564.416995,884.4335049,1.44E-195,104
M_0.8_F_th_Set_2,1.764722449,0,0.142857143,2979.078235,299.0947456,1.84E-68,81
M_0.8_F_th_Set_3,1.7475968,0,0.181818182,3190.151946,510.1684563,2.70E-114,87
M_0.8_F_lqp_Set_1,1.740563856,0,0.095238095,2917.008372,237.0248826,5.56E-55,68
M_0.8_F_lqp_Set_2,1.763562041,0,0.142857143,2733.37237,53.38888041,4.18E-15,36
M_0.8_F_lqp_Set_3,1.704514816,0,0.045454545,2813.838162,133.8546718,1.41E-32,34
M_0.8_F_lqt_Set_1,1.783296419,0,0.238095238,3686.974981,1006.991491,3.55E-222,106
M_0.8_F_lqt_Set_2,1.765367634,0,0.142857143,2788.2665,108.2830099,5.05E-27,63
M_0.8_F_lqt_Set_3,1.748916487,0,0.181818182,2993.646501,313.663011,1.28E-71,73
M_0.8_F_lqh_Set_1,1.775848916,0,0.047619048,2969.559956,289.5764657,2.18E-66,76
M_0.8_F_lqh_Set_2,1.737711273,0,0.047619048,2760.570594,80.58710452,5.24E-21,45
M_0.8_F_lqh_Set_3,1.772184422,0,0.090909091,2871.729909,191.7464192,3.82E-45,48
M_0.8_F_lpt_Set_1,1.788947822,0,0.19047619,4614.17904,1934.19555,0,115
M_0.8_F_lpt_Set_2,1.773690228,0,0.142857143,2842.43812,162.4546299,8.80E-39,70
M_0.8_F_lpt_Set_3,1.749795814,0,0.181818182,2994.956716,314.9732264,6.70E-72,74
M_0.8_F_lph_Set_1,1.764355771,0,0.047619048,3105.615726,425.6322365,6.28E-96,86
M_0.8_F_lph_Set_2,1.757786414,0,0.095238095,2961.334619,281.3511295,1.34E-64,74
M_0.8_F_lph_Set_3,1.73330063,0,0.090909091,2937.058324,257.0748345,2.52E-59,61
M_0.8_F_lth_Set_1,1.804491214,0,0.238095238,3420.799096,740.8156062,2.28E-164,101
M_0.8_F_lth_Set_2,1.765216915,0,0.142857143,2846.646806,166.6633159,1.08E-39,70
M_0.8_F_lth_Set_3,1.76935007,0,0.181818182,3048.337104,368.3536143,1.73E-83,78
M_0.8_F_qpt_Set_1,1.788340976,0,0.238095238,4803.302654,2123.319164,0,116
M_0.8_F_qpt_Set_2,1.769734184,0,0.142857143,2843.614362,163.6308724,4.96E-39,70
M_0.8_F_qpt_Set_3,1.756984279,0,0.181818182,2960.616597,280.6331074,1.95E-64,71
M_0.8_F_qph_Set_1,1.771883369,0,0.047619048,3343.349053,663.3655632,1.52E-147,96
M_0.8_F_qph_Set_2,1.747927217,0,0.142857143,2807.287101,127.3036115,3.86E-31,55
M_0.8_F_qph_Set_3,1.743933864,0,0.090909091,2906.274777,226.2912876,1.24E-52,57
M_0.8_F_qth_Set_1,1.79779588,0,0.238095238,3562.426494,882.4430039,4.09E-195,104
M_0.8_F_qth_Set_2,1.775977995,0,0.19047619,2830.621988,150.6384982,3.32E-36,68
M_0.8_F_qth_Set_3,1.768156028,0,0.181818182,3105.267224,425.2837339,7.65E-96,82
M_0.8_F_pth_Set_1,1.804493639,0,0.19047619,3893.505286,1213.521797,5.26E-267,109
M_0.8_F_pth_Set_2,1.769933276,0,0.142857143,2860.883065,180.8995757,8.96E-43,72
M_0.8_F_pth_Set_3,1.777664351,0,0.181818182,3042.485138,362.5016477,3.30E-82,78
M_0.8_F_lqpt_Set_1,1.784325319,0,0.238095238,3898.572049,1218.588559,4.19E-268,109
M_0.8_F_lqpt_Set_2,1.770166086,0,0.142857143,2843.682657,163.6991675,4.90E-39,70
M_0.8_F_lqpt_Set_3,1.750077996,0,0.227272727,2961.607003,281.6235137,1.21E-64,71
M_0.8_F_lqph_Set_1,1.773423701,0,0.047619048,3088.412581,408.4290913,3.54E-92,85
M_0.8_F_lqph_Set_2,1.744374348,0,0.19047619,2814.007865,134.0243751,1.37E-32,56
M_0.8_F_lqph_Set_3,1.738941451,0,0.090909091,2889.534024,209.5505338,5.45E-49,54
M_0.8_F_lqth_Set_1,1.796250335,0,0.238095238,3680.033235,1000.049746,1.21E-220,106
M_0.8_F_lqth_Set_2,1.776169979,0,0.19047619,2765.574337,85.59084683,4.52E-22,60
M_0.8_F_lqth_Set_3,1.766237217,0,0.181818182,3025.192403,345.2089136,1.91E-78,76
M_0.8_F_lpth_Set_1,1.796884495,0,0.238095238,4312.177037,1632.193547,0,113
M_0.8_F_lpth_Set_2,1.77042766,0,0.142857143,2956.723638,276.7401477,1.41E-63,80
M_0.8_F_lpth_Set_3,1.775351092,0,0.181818182,3014.988215,335.0047252,3.15E-76,76
M_0.8_F_qpth_Set_1,1.798819673,0,0.238095238,3676.824536,996.8410463,6.08E-220,106
M_0.8_F_qpth_Set_2,1.769309269,0,0.142857143,2842.204926,162.2214361,1.05E-38,70
M_0.8_F_qpth_Set_3,1.783125981,0,0.181818182,3019.323833,339.3403434,3.63E-77,76
M_0.8_F_lqpth_Set_1,1.795055169,0,0.238095238,6409.647535,3729.664045,0,121
M_0.8_F_lqpth_Set_2,1.768132514,0,0.19047619,2895.802575,215.8190848,2.42E-50,75
M_0.8_F_lqpth_Set_3,1.77917214,0,0.181818182,2911.080484,231.0969944,1.17E-53,65
M_0.9_F_l_Set_1,1.70343262,0,0.095238095,2725.730441,45.74695111,2.07E-13,20
M_0.9_F_l_Set_2,1.672668646,0,0.095238095,2746.306361,66.32287098,7.05E-18,12
M_0.9_F_l_Set_3,1.720119608,0,0.045454545,2792.13103,112.1475403,7.92E-28,10
M_0.9_F_q_Set_1,1.784343539,0,0.095238095,2694.989297,15.0058072,9.85E-07,19
M_0.9_F_q_Set_2,1.738101596,0,0.095238095,2681.755079,1.771589335,0.000737249,12
M_0.9_F_q_Set_3,1.687855931,0,0.090909091,2794.553749,114.5702589,2.37E-28,10
M_0.9_F_p_Set_1,1.787809135,0,0.047619048,2915.159234,235.1757437,1.53E-54,64
M_0.9_F_p_Set_2,1.728437477,0,0.095238095,2734.066261,54.08277084,3.24E-15,32
M_0.9_F_p_Set_3,1.710095843,0,0.045454545,2813.689082,133.7055927,1.67E-32,30
M_0.9_F_t_Set_1,1.792193279,0,0.285714286,2973.449589,293.4660994,3.40E-67,82
M_0.9_F_t_Set_2,1.765578656,0,0.142857143,2810.320859,130.3373692,9.01E-32,63
M_0.9_F_t_Set_3,1.718331017,0,0.181818182,2876.683018,196.6995283,3.51E-46,57
M_0.9_F_h_Set_1,1.777020824,0,0.047619048,2906.81454,226.8310504,1.01E-52,69
M_0.9_F_h_Set_2,1.717187349,0,0.047619048,2815.608474,135.6249846,6.44E-33,54
M_0.9_F_h_Set_3,1.711492347,0,0.090909091,2869.976728,189.9932379,1.01E-44,47
M_0.9_F_lq_Set_1,1.803910226,0,0.095238095,2699.556371,19.57288148,1.03E-07,25
M_0.9_F_lq_Set_2,1.734848784,0,0.095238095,2684.054331,4.070841696,0.00023859,15
M_0.9_F_lq_Set_3,1.722466684,0,0.090909091,2787.016976,107.0334865,1.05E-26,15
M_0.9_F_lp_Set_1,1.781229764,0,0.047619048,2925.510406,245.5269161,8.87E-57,64
M_0.9_F_lp_Set_2,1.732537436,0,0.095238095,2725.89059,45.90710064,1.97E-13,30
M_0.9_F_lp_Set_3,1.708776286,0,0.045454545,2815.256496,135.2730067,7.77E-33,32
M_0.9_F_lt_Set_1,1.786058481,0,0.142857143,2988.048965,308.0654747,2.34E-70,83
M_0.9_F_lt_Set_2,1.767227823,0,0.142857143,2742.854769,62.87127871,4.11E-17,54
M_0.9_F_lt_Set_3,1.748497026,0,0.136363636,2885.783471,205.799981,3.79E-48,58
M_0.9_F_lh_Set_1,1.767753227,0,0.047619048,2943.952101,263.9686113,8.87E-61,73
M_0.9_F_lh_Set_2,1.756046627,0,0.047619048,2775.525032,95.54154267,3.33E-24,47
M_0.9_F_lh_Set_3,1.742128426,0,0.090909091,2908.34569,228.3621999,4.80E-53,54
M_0.9_F_qp_Set_1,1.737544521,0,0.095238095,2854.016921,174.0334315,3.02E-41,59
M_0.9_F_qp_Set_2,1.745740778,0,0.142857143,2727.037908,47.05441823,1.13E-13,34
M_0.9_F_qp_Set_3,1.706754878,0,0.045454545,2802.339904,122.3564144,5.04E-30,30
M_0.9_F_qt_Set_1,1.767401507,0,0.19047619,2955.018997,275.0355073,3.55E-63,81
M_0.9_F_qt_Set_2,1.759063748,0,0.142857143,2771.89302,91.90953064,2.07E-23,58
M_0.9_F_qt_Set_3,1.740951376,0,0.181818182,2929.434363,249.4508735,1.28E-57,64
M_0.9_F_qh_Set_1,1.762686314,0,0.047619048,2849.623437,169.6399475,2.74E-40,63
M_0.9_F_qh_Set_2,1.735532853,0,0.095238095,2716.828403,36.84491321,1.89E-11,33
M_0.9_F_qh_Set_3,1.780552789,0,0.090909091,2883.808836,203.8253458,1.04E-47,50
M_0.9_F_pt_Set_1,1.79385208,0,0.19047619,3236.256075,556.2725849,3.05E-124,95
M_0.9_F_pt_Set_2,1.778411484,0,0.142857143,2769.996994,90.01350399,5.40E-23,59
M_0.9_F_pt_Set_3,1.752403252,0,0.136363636,2923.841799,243.8583096,2.12E-56,64
M_0.9_F_ph_Set_1,1.765634879,0,0.047619048,3212.764517,532.7810269,3.88E-119,91
M_0.9_F_ph_Set_2,1.75578747,0,0.095238095,2829.442799,149.4593091,6.71E-36,58
M_0.9_F_ph_Set_3,1.745880078,0,0.090909091,2921.572999,241.5895088,6.63E-56,58
M_0.9_F_th_Set_1,1.814014408,0,0.19047619,3494.244969,814.2614792,2.94E-180,102
M_0.9_F_th_Set_2,1.770411835,0,0.095238095,2849.181335,169.1978448,3.49E-40,68
M_0.9_F_th_Set_3,1.756908203,0,0.181818182,3075.326408,395.3429187,2.73E-89,79
M_0.9_F_lqp_Set_1,1.738631981,0,0.095238095,2826.207029,146.2235396,3.41E-35,58
M_0.9_F_lqp_Set_2,1.743228157,0,0.142857143,2735.42137,55.43787997,1.77E-15,36
M_0.9_F_lqp_Set_3,1.705875724,0,0.045454545,2819.660187,139.6766977,9.05E-34,35
M_0.9_F_lqt_Set_1,1.786041187,0,0.19047619,3021.43047,341.4469805,1.39E-77,85
M_0.9_F_lqt_Set_2,1.765219287,0,0.142857143,2756.146248,76.16275806,5.62E-20,56
M_0.9_F_lqt_Set_3,1.763324908,0,0.181818182,2913.605879,233.6223895,3.62E-54,62
M_0.9_F_lqh_Set_1,1.772824577,0,0.047619048,2892.240914,212.2574246,1.58E-49,68
M_0.9_F_lqh_Set_2,1.741030147,0,0.047619048,2730.80436,50.82086979,1.80E-14,37
M_0.9_F_lqh_Set_3,1.783521213,0,0.090909091,2879.625844,199.6423541,8.71E-47,49
M_0.9_F_lpt_Set_1,1.79027455,0,0.19047619,3207.557375,527.5738854,5.39E-118,94
M_0.9_F_lpt_Set_2,1.775071912,0,0.142857143,2806.741388,126.7578986,5.87E-31,64
M_0.9_F_lpt_Set_3,1.744046181,0,0.136363636,2920.438637,240.4551471,1.20E-55,64
M_0.9_F_lph_Set_1,1.76732365,0,0.047619048,3236.672038,556.6885479,2.58E-124,92
M_0.9_F_lph_Set_2,1.761472137,0,0.095238095,2907.668264,227.6847744,7.16E-53,68
M_0.9_F_lph_Set_3,1.751981462,0,0.090909091,2920.867164,240.8836737,9.77E-56,58
M_0.9_F_lth_Set_1,1.812142838,0,0.142857143,3133.155597,453.1721068,7.82E-102,91
M_0.9_F_lth_Set_2,1.766416023,0,0.142857143,2787.456071,107.472581,9.15E-27,61
M_0.9_F_lth_Set_3,1.753005258,0,0.181818182,2994.236185,314.2526954,1.15E-71,72
M_0.9_F_qpt_Set_1,1.787953211,0,0.19047619,3212.208432,532.2249421,5.36E-119,94
M_0.9_F_qpt_Set_2,1.774668508,0,0.047619048,2793.001732,113.0182424,5.75E-28,62
M_0.9_F_qpt_Set_3,1.765394977,0,0.181818182,2891.573401,211.5899109,2.27E-49,60
M_0.9_F_qph_Set_1,1.767571269,0,0.047619048,2950.659977,270.6764877,3.36E-62,75
M_0.9_F_qph_Set_2,1.749453475,0,0.142857143,2758.805242,78.82175268,1.54E-20,45
M_0.9_F_qph_Set_3,1.743084706,0,0.090909091,2921.239824,241.2563342,8.26E-56,59
M_0.9_F_qth_Set_1,1.793331791,0,0.19047619,3049.232298,369.248808,1.33E-83,87
M_0.9_F_qth_Set_2,1.757384018,0,0.142857143,2746.171554,66.18806419,8.59E-18,54
M_0.9_F_qth_Set_3,1.744362029,0,0.181818182,3014.530165,334.5466749,4.59E-76,74
M_0.9_F_pth_Set_1,1.807802674,0,0.142857143,3403.070943,723.087453,1.96E-160,100
M_0.9_F_pth_Set_2,1.776179925,0,0.142857143,2813.163959,133.180469,2.45E-32,65
M_0.9_F_pth_Set_3,1.747310561,0,0.181818182,2952.607726,272.6242358,1.29E-62,68
M_0.9_F_lqpt_Set_1,1.785303829,0,0.19047619,3209.532768,529.549278,2.09E-118,94
M_0.9_F_lqpt_Set_2,1.773693125,0,0.047619048,2763.188878,83.20538777,1.75E-21,58
M_0.9_F_lqpt_Set_3,1.76408123,0,0.090909091,2862.885431,182.9019415,3.95E-43,56
M_0.9_F_lqph_Set_1,1.764774534,0,0.047619048,3110.729942,430.7464527,6.00E-97,86
M_0.9_F_lqph_Set_2,1.74820415,0,0.142857143,2810.537928,130.5544383,9.23E-32,55
M_0.9_F_lqph_Set_3,1.745926929,0,0.090909091,2918.365602,238.3821125,3.56E-55,59
M_0.9_F_lqth_Set_1,1.802275982,0,0.142857143,3068.383166,388.3996765,9.48E-88,88
M_0.9_F_lqth_Set_2,1.759808824,0,0.142857143,2742.996591,63.01310151,4.31E-17,54
M_0.9_F_lqth_Set_3,1.747495606,0,0.181818182,2965.351399,285.3679096,2.25E-65,69
M_0.9_F_lpth_Set_1,1.802540516,0,0.142857143,3403.503293,723.5198032,1.62E-160,100
M_0.9_F_lpth_Set_2,1.776333094,0,0.142857143,2829.915887,149.9323968,5.79E-36,67
M_0.9_F_lpth_Set_3,1.749871113,0,0.181818182,3035.021445,355.0379548,1.68E-80,76
M_0.9_F_qpth_Set_1,1.80179201,0,0.19047619,3326.139753,646.1562632,1.03E-143,98
M_0.9_F_qpth_Set_2,1.765026832,0,0.142857143,2783.771708,103.7882181,6.10E-26,61
M_0.9_F_qpth_Set_3,1.752899468,0,0.181818182,2904.273716,224.290226,4.17E-52,62
M_0.9_F_lqpth_Set_1,1.800041499,0,0.238095238,3587.25322,907.2697301,2.06E-200,104
M_0.9_F_lqpth_Set_2,1.766864516,0,0.095238095,2784.461614,104.4781243,4.35E-26,61
M_0.9_F_lqpth_Set_3,1.758906722,0,0.181818182,2917.801398,237.8179078,4.84E-55,64
M_1_F_l_Set_1,1.697928446,0,0.095238095,2726.1807,46.19721062,1.98E-13,20
M_1_F_l_Set_2,1.677589755,0,0.095238095,2746.461988,66.47849866,7.81E-18,12
M_1_F_l_Set_3,1.713490239,0,0.045454545,2792.235739,112.252249,9.00E-28,10
M_1_F_q_Set_1,1.786264011,0,0.095238095,2695.325023,15.3415334,9.97E-07,19
M_1_F_q_Set_2,1.738710755,0,0.095238095,2682.430387,2.446896766,0.000630301,12
M_1_F_q_Set_3,1.69087897,0,0.090909091,2794.718698,114.735208,2.61E-28,10
M_1_F_p_Set_1,1.786899758,0,0.047619048,2863.656989,183.6734993,2.81E-43,59
M_1_F_p_Set_2,1.729031046,0,0.095238095,2716.626021,36.64253119,2.38E-11,26
M_1_F_p_Set_3,1.711986831,0,0.045454545,2808.817478,128.8339881,2.28E-31,28
M_1_F_t_Set_1,1.797575387,0,0.19047619,2850.65308,170.6695901,1.88E-40,70
M_1_F_t_Set_2,1.767645391,0,0.095238095,2756.974434,76.99094399,4.15E-20,53
M_1_F_t_Set_3,1.720940339,0,0.136363636,2849.275516,169.2920265,3.77E-40,50
M_1_F_h_Set_1,1.774159522,0,0.047619048,2846.224162,166.2406724,1.74E-39,61
M_1_F_h_Set_2,1.719547461,0,0.047619048,2776.031989,96.04849931,3.04E-24,46
M_1_F_h_Set_3,1.710462688,0,0.090909091,2918.114821,238.1313311,4.27E-55,55
M_1_F_lq_Set_1,1.803795149,0,0.095238095,2695.32983,15.34634014,1.02E-06,23
M_1_F_lq_Set_2,1.740181378,0,0.095238095,2684.717216,4.733726332,0.000206153,15
M_1_F_lq_Set_3,1.725144068,0,0.090909091,2785.668398,105.6849086,2.48E-26,14
M_1_F_lp_Set_1,1.784515018,0,0.047619048,2887.9385,207.9550099,1.54E-48,64
M_1_F_lp_Set_2,1.716903836,0,0.095238095,2722.50741,42.52391997,1.29E-12,28
M_1_F_lp_Set_3,1.713238621,0,0.045454545,2809.371643,129.3881536,1.78E-31,30
M_1_F_lt_Set_1,1.790397884,0,0.095238095,2878.46387,198.4803802,1.77E-46,73
M_1_F_lt_Set_2,1.77009036,0,0.142857143,2716.891582,36.90809193,2.15E-11,47
M_1_F_lt_Set_3,1.751044414,0,0.136363636,2852.333772,172.3502826,8.38E-41,50
M_1_F_lh_Set_1,1.7636845,0,0.047619048,2859.31718,179.3336899,2.56E-42,63
M_1_F_lh_Set_2,1.757967762,0,0.047619048,2770.841963,90.85847364,4.18E-23,45
M_1_F_lh_Set_3,1.738466824,0,0.090909091,2859.469949,179.4864589,2.38E-42,44
M_1_F_qp_Set_1,1.732556966,0,0.095238095,2804.400151,124.4166611,2.17E-30,55
M_1_F_qp_Set_2,1.751918842,0,0.142857143,2707.918544,27.93505435,1.94E-09,28
M_1_F_qp_Set_3,1.705779032,0,0.045454545,2800.202471,120.2189811,1.78E-29,29
M_1_F_qt_Set_1,1.767960004,0,0.19047619,2810.775285,130.791795,9.01E-32,66
M_1_F_qt_Set_2,1.758245176,0,0.142857143,2721.636744,41.65325389,2.05E-12,47
M_1_F_qt_Set_3,1.745862487,0,0.136363636,2894.115957,214.1324676,7.23E-50,57
M_1_F_qh_Set_1,1.758894336,0,0.047619048,2770.718907,90.73541681,4.53E-23,50
M_1_F_qh_Set_2,1.73793957,0,0.095238095,2696.323652,16.34016267,6.48E-07,26
M_1_F_qh_Set_3,1.784903671,0,0.090909091,2872.285743,192.3022535,4.01E-45,47
M_1_F_pt_Set_1,1.798816501,0,0.142857143,3034.615021,354.631531,2.26E-80,85
M_1_F_pt_Set_2,1.773449878,0,0.142857143,2742.603845,62.62035517,5.82E-17,53
M_1_F_pt_Set_3,1.751046393,0,0.136363636,2870.364224,190.3807343,1.05E-44,54
M_1_F_ph_Set_1,1.755601668,0,0.095238095,3007.058736,327.075246,2.19E-74,79
M_1_F_ph_Set_2,1.758898895,0,0.095238095,2827.757527,147.7740368,1.89E-35,57
M_1_F_ph_Set_3,1.7195399,0,0.090909091,2892.426589,212.4430993,1.72E-49,53
M_1_F_th_Set_1,1.77456229,0,0.047619048,3112.520797,432.5373072,2.78E-97,89
M_1_F_th_Set_2,1.773773366,0,0.095238095,2797.320021,117.3365317,7.75E-29,60
M_1_F_th_Set_3,1.76623214,0,0.090909091,2975.720752,295.7372626,1.42E-67,69
M_1_F_lqp_Set_1,1.736383102,0,0.095238095,2826.638895,146.6554049,3.35E-35,56
M_1_F_lqp_Set_2,1.749745116,0,0.142857143,2715.263742,35.28025179,5.14E-11,30
M_1_F_lqp_Set_3,1.708233323,0,0.045454545,2810.203381,130.2198914,1.25E-31,32
M_1_F_lqt_Set_1,1.779823393,0,0.142857143,2871.568801,191.585311,5.91E-45,72
M_1_F_lqt_Set_2,1.767680728,0,0.142857143,2723.647592,43.66410183,7.82E-13,48
M_1_F_lqt_Set_3,1.76849842,0,0.136363636,2846.401534,166.4180442,1.73E-39,49
M_1_F_lqh_Set_1,1.768090648,0,0.047619048,2827.113463,147.1299732,2.68E-35,59
M_1_F_lqh_Set_2,1.741732571,0,0.047619048,2723.473622,43.49013183,8.59E-13,34
M_1_F_lqh_Set_3,1.786097876,0,0.090909091,2854.235291,174.2518013,3.47E-41,43
M_1_F_lpt_Set_1,1.798025865,0,0.142857143,3092.326108,412.3426182,6.93E-93,88
M_1_F_lpt_Set_2,1.772759898,0,0.142857143,2742.776516,62.79302602,5.57E-17,53
M_1_F_lpt_Set_3,1.753887481,0,0.136363636,2929.239845,249.256355,1.81E-57,63
M_1_F_lph_Set_1,1.760010514,0,0.047619048,2979.281529,299.2980391,2.46E-68,77
M_1_F_lph_Set_2,1.760434325,0,0.095238095,2847.821772,167.8382825,8.68E-40,60
M_1_F_lph_Set_3,1.715669334,0,0.090909091,2931.501332,251.517842,5.87E-58,59
M_1_F_lth_Set_1,1.819908323,0,0.047619048,2955.291164,275.3076739,4.02E-63,80
M_1_F_lth_Set_2,1.769820613,0,0.142857143,2746.927716,66.94422655,7.09E-18,53
M_1_F_lth_Set_3,1.756310847,0,0.136363636,2919.581254,239.5977645,2.29E-55,62
M_1_F_qpt_Set_1,1.782689688,0,0.142857143,3005.737701,325.7542111,4.50E-74,83
M_1_F_qpt_Set_2,1.774466157,0,0.047619048,2750.13425,70.15076042,1.44E-18,54
M_1_F_qpt_Set_3,1.72862153,0,0.090909091,2840.344936,160.3614464,3.71E-38,50
M_1_F_qph_Set_1,1.763374747,0,0.047619048,2956.021386,276.0378963,2.83E-63,75
M_1_F_qph_Set_2,1.745792939,0,0.142857143,2760.295922,80.31243192,9.00E-21,45
M_1_F_qph_Set_3,1.715937779,0,0.090909091,2871.08599,191.1025003,7.90E-45,50
M_1_F_qth_Set_1,1.79088028,0,0.19047619,2917.121966,237.1384759,7.98E-55,77
M_1_F_qth_Set_2,1.756594763,0,0.095238095,2735.400794,55.41730424,2.31E-15,50
M_1_F_qth_Set_3,1.75344459,0,0.181818182,2975.479197,295.4957074,1.71E-67,69
M_1_F_pth_Set_1,1.812709387,0,0.095238095,3064.96538,384.9818904,6.33E-87,87
M_1_F_pth_Set_2,1.776098482,0,0.142857143,2741.848499,61.86500953,9.26E-17,53
M_1_F_pth_Set_3,1.757998886,0,0.136363636,2931.823668,251.8401784,5.19E-58,64
M_1_F_lqpt_Set_1,1.760274103,0,0.095238095,2958.423559,278.4400687,8.71E-64,80
M_1_F_lqpt_Set_2,1.776099237,0,0.047619048,2764.061386,84.07789584,1.40E-21,56
M_1_F_lqpt_Set_3,1.755040848,0,0.136363636,2840.122528,160.1390387,4.27E-38,50
M_1_F_lqph_Set_1,1.764337666,0,0.047619048,3005.476634,325.4931438,5.32E-74,79
M_1_F_lqph_Set_2,1.749816841,0,0.095238095,2776.021975,96.0384852,3.57E-24,48
M_1_F_lqph_Set_3,1.726066133,0,0.090909091,2892.861299,212.8778089,1.52E-49,54
M_1_F_lqth_Set_1,1.804420268,0,0.047619048,2930.706012,250.7225226,9.23E-58,78
M_1_F_lqth_Set_2,1.758759733,0,0.142857143,2743.447637,63.46414671,4.26E-17,52
M_1_F_lqth_Set_3,1.751160803,0,0.181818182,2911.264345,231.2808552,1.55E-53,61
M_1_F_lpth_Set_1,1.809016618,0,0.19047619,3205.524523,525.5410335,1.96E-117,93
M_1_F_lpth_Set_2,1.77765636,0,0.095238095,2741.525227,61.54173713,1.12E-16,53
M_1_F_lpth_Set_3,1.756943086,0,0.136363636,2955.417534,275.4340438,4.03E-63,67
M_1_F_qpth_Set_1,1.797732799,0,0.047619048,3253.194393,573.2109029,8.80E-128,95
M_1_F_qpth_Set_2,1.768247852,0,0.095238095,2776.623432,96.63994194,2.70E-24,58
M_1_F_qpth_Set_3,1.762387817,0,0.181818182,2892.776471,212.792981,1.62E-49,59
M_1_F_lqpth_Set_1,1.806247912,0,0.047619048,3283.760918,603.7774281,2.04E-134,96
M_1_F_lqpth_Set_2,1.767836785,0,0.047619048,2762.090764,82.10727395,3.90E-21,56
M_1_F_lqpth_Set_3,1.758363684,0,0.136363636,2952.215611,272.2321208,2.03E-62,67
M_2_F_l_Set_1,1.713008056,0,0.047619048,2725.601921,45.61843072,3.29E-13,18
M_2_F_l_Set_2,1.633472849,0,0.095238095,2748.749111,68.76562082,3.10E-18,12
M_2_F_l_Set_3,1.720364067,0,0.045454545,2791.321748,111.3382584,1.77E-27,9
M_2_F_q_Set_1,1.735967883,0,0.095238095,2690.726242,10.74275222,1.24E-05,16
M_2_F_q_Set_2,1.738167887,0,0.095238095,2683.700857,3.717367655,0.000416742,11
M_2_F_q_Set_3,1.692015468,0,0.090909091,2799.943547,119.9600575,2.39E-29,11
M_2_F_p_Set_1,1.72298279,0,0.047619048,2758.708,78.72451008,2.16E-20,41
M_2_F_p_Set_2,1.731098871,0,0.047619048,2716.791789,36.80829888,2.74E-11,22
M_2_F_p_Set_3,1.718368489,0,0,2801.308004,121.3245144,1.22E-29,22
M_2_F_t_Set_1,1.726309149,0,0.095238095,2690.663756,10.68026604,1.30E-05,27
M_2_F_t_Set_2,1.718081301,0,0.047619048,2692.815592,12.83210224,4.44E-06,23
M_2_F_t_Set_3,1.642348624,0,0.136363636,2797.34328,117.3597898,8.93E-29,25
M_2_F_h_Set_1,1.748619695,0,0.047619048,2708.136757,28.15326762,2.10E-09,27
M_2_F_h_Set_2,1.711129913,0,0.047619048,2767.995066,88.01157608,2.12E-22,39
M_2_F_h_Set_3,1.684499712,0,0.090909091,2828.219139,148.2356494,1.78E-35,30
M_2_F_lq_Set_1,1.727095283,0,0.047619048,2683.6528,3.669310138,0.000439611,17
M_2_F_lq_Set_2,1.721015648,0,0.047619048,2686.233681,6.250191139,0.000121278,13
M_2_F_lq_Set_3,1.719136839,0,0.045454545,2793.602269,113.6187789,5.89E-28,14
M_2_F_lp_Set_1,1.726435046,0,0.047619048,2758.540133,78.55664331,2.43E-20,41
M_2_F_lp_Set_2,1.729060248,0,0.047619048,2718.597151,38.61366115,1.15E-11,23
M_2_F_lp_Set_3,1.710841736,0,0,2793.736954,113.7534641,5.55E-28,20
M_2_F_lt_Set_1,1.795463525,0,0.047619048,2706.798636,26.81514582,4.21E-09,32
M_2_F_lt_Set_2,1.729636044,0,0.095238095,2682.015682,2.0321917,0.001015129,23
M_2_F_lt_Set_3,1.731868944,0,0.090909091,2793.235832,113.2523417,7.19E-28,21
M_2_F_lh_Set_1,1.72901907,0,0.047619048,2731.128103,51.14461327,2.21E-14,33
M_2_F_lh_Set_2,1.702159549,0,0.047619048,2703.881313,23.89782312,1.83E-08,21
M_2_F_lh_Set_3,1.728448865,0,0.090909091,2797.194758,117.2112684,1.00E-28,20
M_2_F_qp_Set_1,1.745140775,0,0.047619048,2714.272378,34.28888824,1.02E-10,34
M_2_F_qp_Set_2,1.72649072,0,0.047619048,2689.898163,9.91467306,2.01E-05,18
M_2_F_qp_Set_3,1.720657406,0,0,2794.700863,114.7173727,3.51E-28,23
M_2_F_qt_Set_1,1.755212698,0,0.095238095,2700.93216,20.94867067,8.10E-08,30
M_2_F_qt_Set_2,1.725916192,0,0.095238095,2690.262514,10.27902431,1.69E-05,23
M_2_F_qt_Set_3,1.715585889,0,0.136363636,2793.479444,113.4959546,6.53E-28,20
M_2_F_qh_Set_1,1.725631461,0,0.095238095,2692.176993,12.19350292,6.51E-06,23
M_2_F_qh_Set_2,1.709271355,0,0.142857143,2688.927179,8.943689223,3.32E-05,17
M_2_F_qh_Set_3,1.786702086,0,0.090909091,2830.346086,150.3625964,6.50E-36,31
M_2_F_pt_Set_1,1.745286541,0,0.047619048,2753.786678,73.80318788,2.75E-19,46
M_2_F_pt_Set_2,1.73998955,0,0.142857143,2700.15018,20.16669007,1.22E-07,29
M_2_F_pt_Set_3,1.708574684,0,0.045454545,2823.174716,143.1912265,2.37E-34,33
M_2_F_ph_Set_1,1.734282306,0,0.047619048,2779.235116,99.25162661,8.26E-25,47
M_2_F_ph_Set_2,1.711653688,0,0.047619048,2739.180592,59.19710206,4.13E-16,33
M_2_F_ph_Set_3,1.715447765,0,0.045454545,2816.894191,136.9107016,5.52E-33,30
M_2_F_th_Set_1,1.760152046,0,0.047619048,2718.425505,38.44201541,1.33E-11,36
M_2_F_th_Set_2,1.744383305,0,0.095238095,2698.645284,18.66179394,2.64E-07,27
M_2_F_th_Set_3,1.692293293,0,0.045454545,2873.55714,193.57365,2.76E-45,45
M_2_F_lqp_Set_1,1.739939729,0,0.047619048,2725.60876,45.62526995,3.71E-13,37
M_2_F_lqp_Set_2,1.730694529,0,0.047619048,2690.193829,10.21033922,1.82E-05,18
M_2_F_lqp_Set_3,1.714202663,0,0,2798.074718,118.0912278,6.86E-29,24
M_2_F_lqt_Set_1,1.736937911,0,0.047619048,2696.86712,16.88362994,6.52E-07,29
M_2_F_lqt_Set_2,1.734586913,0,0.047619048,2693.145259,13.16176919,4.21E-06,24
M_2_F_lqt_Set_3,1.735813341,0,0.090909091,2791.51559,111.5321,1.84E-27,22
M_2_F_lqh_Set_1,1.735843695,0,0.047619048,2698.236096,18.25260637,3.32E-07,24
M_2_F_lqh_Set_2,1.722602055,0,0.047619048,2685.379375,5.395885384,0.000206126,16
M_2_F_lqh_Set_3,1.72738235,0,0.090909091,2796.235897,116.2524073,1.75E-28,20
M_2_F_lpt_Set_1,1.743203739,0,0.047619048,2747.061665,67.07817473,8.37E-18,45
M_2_F_lpt_Set_2,1.738850149,0,0.142857143,2705.847026,25.86353641,7.48E-09,31
M_2_F_lpt_Set_3,1.715942137,0,0.045454545,2819.366188,139.3826984,1.68E-33,32
M_2_F_lph_Set_1,1.734010229,0,0.047619048,2783.810133,103.8266435,8.85E-26,48
M_2_F_lph_Set_2,1.706550722,0,0.047619048,2734.486247,54.50275722,4.56E-15,32
M_2_F_lph_Set_3,1.701805213,0,0.045454545,2817.263736,137.2802465,4.84E-33,30
M_2_F_lth_Set_1,1.749652392,0,0.047619048,2727.223966,47.240476,1.73E-13,38
M_2_F_lth_Set_2,1.727780902,0,0.047619048,2700.223733,20.2402429,1.27E-07,28
M_2_F_lth_Set_3,1.691405445,0,0.090909091,2792.226512,112.2430224,1.34E-27,22
M_2_F_qpt_Set_1,1.749908976,0,0.047619048,2730.651861,50.66837119,3.15E-14,41
M_2_F_qpt_Set_2,1.742254956,0,0.047619048,2693.370121,13.38663128,3.94E-06,25
M_2_F_qpt_Set_3,1.715625471,0,0.045454545,2812.793911,132.810421,4.61E-32,33
M_2_F_qph_Set_1,1.741385824,0,0.047619048,2737.199039,57.21554926,1.20E-15,40
M_2_F_qph_Set_2,1.735356223,0,0.095238095,2696.913135,16.92964525,6.76E-07,22
M_2_F_qph_Set_3,1.708988478,0,0.045454545,2809.385104,129.4016141,2.56E-31,29
M_2_F_qth_Set_1,1.742015517,0,0.047619048,2704.885887,24.90239757,1.26E-08,33
M_2_F_qth_Set_2,1.721545434,0,0.047619048,2693.47629,13.49279981,3.81E-06,25
M_2_F_qth_Set_3,1.670882268,0,0.090909091,2832.101357,152.1178674,3.02E-36,34
M_2_F_pth_Set_1,1.749827586,0,0.047619048,2768.523653,88.54016344,1.94E-22,49
M_2_F_pth_Set_2,1.741774829,0,0.047619048,2699.251654,19.26816401,2.14E-07,29
M_2_F_pth_Set_3,1.713146473,0,0.090909091,2822.554123,142.5706334,3.61E-34,34
M_2_F_lqpt_Set_1,1.747524061,0,0.047619048,2744.005641,64.02215091,4.12E-17,44
M_2_F_lqpt_Set_2,1.741661203,0,0.047619048,2709.52237,29.53887983,1.27E-09,30
M_2_F_lqpt_Set_3,1.715221519,0,0.045454545,2799.491054,119.5075639,3.71E-29,29
M_2_F_lqph_Set_1,1.741514077,0,0.047619048,2733.334657,53.35116678,8.65E-15,39
M_2_F_lqph_Set_2,1.731980819,0,0.095238095,2694.539638,14.55614869,2.30E-06,21
M_2_F_lqph_Set_3,1.706071313,0,0.090909091,2809.013461,129.0299713,3.21E-31,29
M_2_F_lqth_Set_1,1.748194206,0,0.047619048,2710.92929,30.94580026,6.40E-10,33
M_2_F_lqth_Set_2,1.734273986,0,0.047619048,2707.673777,27.69028671,3.27E-09,29
M_2_F_lqth_Set_3,1.695210304,0,0.090909091,2797.925063,117.9415735,8.29E-29,24
M_2_F_lpth_Set_1,1.749251674,0,0.047619048,2748.234059,68.25056871,5.13E-18,45
M_2_F_lpth_Set_2,1.742283423,0,0.047619048,2720.268833,40.28534329,6.08E-12,35
M_2_F_lpth_Set_3,1.717621962,0,0.090909091,2824.430648,144.4471578,1.47E-34,35
M_2_F_qpth_Set_1,1.75866101,0,0,2726.359755,46.37626542,2.91E-13,40
M_2_F_qpth_Set_2,1.743456361,0,0.047619048,2708.422379,28.43888872,2.30E-09,30
M_2_F_qpth_Set_3,1.721248122,0,0.090909091,2811.220614,131.2371247,1.10E-31,33
M_2_F_lqpth_Set_1,1.756675532,0,0,2739.818201,59.83471147,3.52E-16,43
M_2_F_lqpth_Set_2,1.744437488,0,0.047619048,2715.321907,35.3384174,7.37E-11,32
M_2_F_lqpth_Set_3,1.712717424,0,0.090909091,2813.88684,133.9033503,2.92E-32,34
M_3_F_l_Set_1,1.728491845,0,0.047619048,2728.462022,48.478532,1.04E-13,17
M_3_F_l_Set_2,1.64465984,0,0.142857143,2749.398755,69.4152655,2.97E-18,11
M_3_F_l_Set_3,1.727833308,0,0.045454545,2794.651554,114.668064,4.44E-28,10
M_3_F_q_Set_1,1.697587014,0,0.095238095,2688.875009,8.891519599,4.15E-05,14
M_3_F_q_Set_2,1.734224111,0,0.095238095,2688.118005,8.134515562,6.08E-05,11
M_3_F_q_Set_3,1.654759532,0,0.090909091,2800.642499,120.659009,2.24E-29,10
M_3_F_p_Set_1,1.71226799,0,0.047619048,2726.731189,46.74769876,2.52E-13,29
M_3_F_p_Set_2,1.721215174,0,0.095238095,2710.957664,30.97417441,6.74E-10,16
M_3_F_p_Set_3,1.705433526,0,0.045454545,2803.276761,123.2932716,6.08E-30,20
M_3_F_t_Set_1,1.723273422,0,0.047619048,2687.419181,7.435691198,8.77E-05,19
M_3_F_t_Set_2,1.713645719,0,0.047619048,2688.478389,8.494898704,5.19E-05,14
M_3_F_t_Set_3,1.61932849,0,0.136363636,2809.272248,129.2887586,3.06E-31,19
M_3_F_h_Set_1,1.718340941,0,0.047619048,2705.869157,25.88566715,8.74E-09,21
M_3_F_h_Set_2,1.687093114,0,0.095238095,2726.535538,46.55204854,2.85E-13,22
M_3_F_h_Set_3,1.661591993,0,0.045454545,2833.735449,153.751959,1.51E-36,28
M_3_F_lq_Set_1,1.732626849,0,0.047619048,2687.91463,7.9311402,7.00E-05,17
M_3_F_lq_Set_2,1.714219804,0,0.095238095,2686.973223,6.989733633,0.000112488,12
M_3_F_lq_Set_3,1.723139076,0,0.045454545,2792.039149,112.0556589,1.73E-27,12
M_3_F_lp_Set_1,1.717014513,0,0.047619048,2724.042731,44.05924156,1.01E-12,28
M_3_F_lp_Set_2,1.665158204,0,0.047619048,2713.529903,33.54641282,1.95E-10,18
M_3_F_lp_Set_3,1.705636383,0,0.045454545,2799.659496,119.6760066,3.87E-29,19
M_3_F_lt_Set_1,1.713468951,0,0.047619048,2695.180138,15.19664801,1.89E-06,22
M_3_F_lt_Set_2,1.713796077,0,0.047619048,2685.106919,5.123429531,0.000292419,16
M_3_F_lt_Set_3,1.728715235,0,0.045454545,2789.316745,109.3332556,6.90E-27,14
M_3_F_lh_Set_1,1.708246159,0,0.047619048,2705.873637,25.89014738,9.12E-09,21
M_3_F_lh_Set_2,1.690526221,0,0.047619048,2716.781909,36.79841929,3.92E-11,22
M_3_F_lh_Set_3,1.718620659,0,0.090909091,2796.162777,116.1792874,2.28E-28,17
M_3_F_qp_Set_1,1.736879386,0,0.047619048,2701.037479,21.05398958,1.04E-07,26
M_3_F_qp_Set_2,1.721428696,0,0.095238095,2685.274236,5.29074574,0.000275132,14
M_3_F_qp_Set_3,1.712835895,0,0.045454545,2786.031035,106.047545,3.65E-26,17
M_3_F_qt_Set_1,1.707185329,0,0.047619048,2681.054764,1.071273757,0.002281266,17
M_3_F_qt_Set_2,1.715100581,0,0.095238095,2684.954433,4.970943418,0.000325783,16
M_3_F_qt_Set_3,1.662086068,0,0.090909091,2792.208722,112.225232,1.68E-27,15
M_3_F_qh_Set_1,1.717189916,0,0.047619048,2685.186746,5.203256582,0.000292258,18
M_3_F_qh_Set_2,1.71252278,0,0.095238095,2694.566625,14.58313532,2.70E-06,16
M_3_F_qh_Set_3,1.659504431,0,0.090909091,2794.941446,114.9579559,4.33E-28,16
M_3_F_pt_Set_1,1.731555014,0,0.047619048,2730.030727,50.04723731,5.41E-14,35
M_3_F_pt_Set_2,1.722378181,0,0.047619048,2694.710597,14.7271067,2.54E-06,21
M_3_F_pt_Set_3,1.711642799,0,0.045454545,2796.938804,116.9553138,1.61E-28,20
M_3_F_ph_Set_1,1.704979856,0,0.047619048,2726.576316,46.59282607,3.08E-13,30
M_3_F_ph_Set_2,1.691006477,0,0.095238095,2722.721164,42.73767468,2.13E-12,24
M_3_F_ph_Set_3,1.697189916,0,0.045454545,2802.802027,122.8185374,8.71E-30,22
M_3_F_th_Set_1,1.737664748,0,0.047619048,2685.677401,5.693911298,0.000237029,20
M_3_F_th_Set_2,1.717044457,0,0.047619048,2694.030534,14.04704439,3.65E-06,19
M_3_F_th_Set_3,1.670916838,0,0.045454545,2819.303896,139.3204062,2.30E-33,26
M_3_F_lqp_Set_1,1.733625638,0,0.047619048,2701.860024,21.87653376,7.35E-08,26
M_3_F_lqp_Set_2,1.719152759,0,0.095238095,2685.208269,5.224779037,0.000304574,14
M_3_F_lqp_Set_3,1.713424882,0,0.045454545,2787.712993,107.7295035,1.69E-26,18
M_3_F_lqt_Set_1,1.730423825,0,0.047619048,2691.440824,11.45733435,1.36E-05,21
M_3_F_lqt_Set_2,1.725656145,0,0.047619048,2685.707579,5.724089445,0.000240216,16
M_3_F_lqt_Set_3,1.729538555,0,0.045454545,2789.977172,109.9936819,5.50E-27,16
M_3_F_lqh_Set_1,1.737713651,0,0.047619048,2698.903778,18.92028814,3.30E-07,22
M_3_F_lqh_Set_2,1.720326874,0,0.047619048,2683.501915,3.518424729,0.000732402,12
M_3_F_lqh_Set_3,1.716281727,0,0.090909091,2800.995751,121.0122615,2.25E-29,19
M_3_F_lpt_Set_1,1.723125265,0,0.047619048,2727.068522,47.085032,2.56E-13,34
M_3_F_lpt_Set_2,1.723253265,0,0.095238095,2706.941289,26.95779913,6.03E-09,25
M_3_F_lpt_Set_3,1.712335769,0,0.045454545,2801.954955,121.9714651,1.41E-29,22
M_3_F_lph_Set_1,1.712640949,0,0.047619048,2746.015891,66.03240142,1.99E-17,35
M_3_F_lph_Set_2,1.695210011,0,0.095238095,2723.887199,43.90370917,1.28E-12,25
M_3_F_lph_Set_3,1.697319594,0,0.045454545,2802.187091,122.2036014,1.28E-29,22
M_3_F_lth_Set_1,1.722575313,0,0.047619048,2696.895158,16.91166817,9.36E-07,23
M_3_F_lth_Set_2,1.715570072,0,0.047619048,2694.083052,14.09956207,3.84E-06,21
M_3_F_lth_Set_3,1.722704662,0,0.090909091,2790.412132,110.4286425,4.66E-27,17
M_3_F_qpt_Set_1,1.738036088,0,0.047619048,2706.80127,26.81778059,6.70E-09,29
M_3_F_qpt_Set_2,1.730770188,0,0.095238095,2680.83131,0.84781988,0.002925118,16
M_3_F_qpt_Set_3,1.713310602,0,0.045454545,2795.065196,115.081706,4.60E-28,22
M_3_F_qph_Set_1,1.739120628,0,0.047619048,2701.028572,21.04508185,1.21E-07,26
M_3_F_qph_Set_2,1.723446281,0,0.095238095,2691.377464,11.39397384,1.52E-05,17
M_3_F_qph_Set_3,1.702986945,0,0.045454545,2794.40483,114.4213401,6.48E-28,21
M_3_F_qth_Set_1,1.729480006,0,0.047619048,2688.867932,8.884441758,5.38E-05,22
M_3_F_qth_Set_2,1.719371497,0,0.095238095,2681.17296,1.189470446,0.002527149,15
M_3_F_qth_Set_3,1.653362953,0,0.090909091,2794.433829,114.4503395,6.46E-28,18
M_3_F_pth_Set_1,1.728238216,0,0.047619048,2733.613593,53.63010277,1.05E-14,36
M_3_F_pth_Set_2,1.723868466,0,0.047619048,2700.015662,20.03217224,2.07E-07,23
M_3_F_pth_Set_3,1.69883309,0,0.045454545,2798.132405,118.1489148,1.03E-28,22
M_3_F_lqpt_Set_1,1.731202012,0,0.047619048,2700.571755,20.58826531,1.59E-07,27
M_3_F_lqpt_Set_2,1.727967652,0,0.095238095,2686.570341,6.586851191,0.000174836,18
M_3_F_lqpt_Set_3,1.709801747,0,0.045454545,2800.852175,120.8686847,2.68E-29,24
M_3_F_lqph_Set_1,1.738412185,0,0.047619048,2701.865341,21.88185109,8.42E-08,26
M_3_F_lqph_Set_2,1.724667692,0,0.095238095,2685.210469,5.226979036,0.000349906,15
M_3_F_lqph_Set_3,1.696049113,0,0.045454545,2796.716749,116.7332593,2.15E-28,22
M_3_F_lqth_Set_1,1.731996198,0,0.047619048,2695.658572,15.67508226,1.90E-06,23
M_3_F_lqth_Set_2,1.727283689,0,0.047619048,2693.023293,13.03980318,7.14E-06,19
M_3_F_lqth_Set_3,1.725024198,0,0.090909091,2787.016753,107.0332628,2.79E-26,16
M_3_F_lpth_Set_1,1.728057087,0,0.047619048,2723.99533,44.01183999,1.36E-12,33
M_3_F_lpth_Set_2,1.718818194,0,0.047619048,2712.257852,32.27436179,4.82E-10,27
M_3_F_lpth_Set_3,1.700287382,0,0.045454545,2803.230718,123.2472284,8.53E-30,24
M_3_F_qpth_Set_1,1.740597109,0,0.047619048,2707.054551,27.07106092,6.57E-09,29
M_3_F_qpth_Set_2,1.731754606,0,0.095238095,2680.824334,0.840843821,0.003266182,16
M_3_F_qpth_Set_3,1.702923842,0,0.045454545,2802.077042,122.0935527,1.54E-29,25
M_3_F_lqpth_Set_1,1.733371225,0,0.047619048,2700.735962,20.75247206,1.57E-07,27
M_3_F_lqpth_Set_2,1.733307028,0,0.095238095,2686.733558,6.750068089,0.000172712,18
M_3_F_lqpth_Set_3,1.696413919,0,0.045454545,2804.395574,124.4120844,4.89E-30,26
M_4_F_l_Set_1,1.734724139,0,0.047619048,2724.896853,44.91336275,9.01E-13,14
M_4_F_l_Set_2,1.65623171,0,0.142857143,2748.944408,68.96091793,5.43E-18,10
M_4_F_l_Set_3,1.731330684,0,0.045454545,2795.959952,115.976462,3.37E-28,10
M_4_F_q_Set_1,1.699911229,0,0.047619048,2687.443093,7.45960279,0.00012425,12
M_4_F_q_Set_2,1.681962378,0,0.095238095,2693.488201,13.50471121,6.08E-06,11
M_4_F_q_Set_3,1.655861182,0,0.045454545,2804.243474,124.2599845,5.44E-30,10
M_4_F_p_Set_1,1.714214096,0,0.047619048,2718.556292,38.57280228,2.21E-11,24
M_4_F_p_Set_2,1.649153145,0,0.095238095,2716.102902,36.11941184,7.59E-11,15
M_4_F_p_Set_3,1.703619476,0,0.045454545,2799.725222,119.7417326,5.30E-29,17
M_4_F_t_Set_1,1.703819092,0,0.047619048,2706.259795,26.27630529,1.05E-08,18
M_4_F_t_Set_2,1.730165388,0,0.047619048,2691.631597,11.64810726,1.59E-05,10
M_4_F_t_Set_3,1.605835873,0,0.136363636,2813.693466,133.7099762,4.99E-32,14
M_4_F_h_Set_1,1.694674816,0,0.095238095,2705.78324,25.79975002,1.36E-08,17
M_4_F_h_Set_2,1.666824986,0,0.095238095,2718.072551,38.08906118,2.93E-11,15
M_4_F_h_Set_3,1.652453663,0,0.045454545,2820.009473,140.0259833,2.15E-33,19
M_4_F_lq_Set_1,1.728790611,0,0.047619048,2686.538652,6.555162533,0.000208185,15
M_4_F_lq_Set_2,1.711318145,0,0.095238095,2687.482174,7.498684651,0.000130591,11
M_4_F_lq_Set_3,1.726013126,0,0.045454545,2794.475552,114.4920621,7.67E-28,12
M_4_F_lp_Set_1,1.701259943,0,0.047619048,2722.258629,42.27513942,3.71E-12,25
M_4_F_lp_Set_2,1.64354701,0,0.095238095,2714.457997,34.47450714,1.84E-10,15
M_4_F_lp_Set_3,1.70903201,0,0.045454545,2799.203925,119.2204355,7.34E-29,17
M_4_F_lt_Set_1,1.711401717,0,0.047619048,2692.94103,12.95753976,8.77E-06,17
M_4_F_lt_Set_2,1.690353963,0,0.095238095,2691.839765,11.85627484,1.53E-05,14
M_4_F_lt_Set_3,1.72920662,0,0.045454545,2795.679554,115.6960645,4.35E-28,13
M_4_F_lh_Set_1,1.6963614,0,0.047619048,2715.224004,35.24051425,1.29E-10,21
M_4_F_lh_Set_2,1.665606652,0,0.047619048,2717.576504,37.59301427,4.01E-11,19
M_4_F_lh_Set_3,1.724929467,0,0.045454545,2792.639366,112.6558759,2.02E-27,13
M_4_F_qp_Set_1,1.732816353,0,0.047619048,2693.255321,13.27183134,7.76E-06,21
M_4_F_qp_Set_2,1.714984298,0,0.095238095,2681.353161,1.369671045,0.002988311,11
M_4_F_qp_Set_3,1.705444201,0,0.045454545,2791.290405,111.3069151,4.03E-27,17
M_4_F_qt_Set_1,1.70766834,0,0.047619048,2684.434746,4.45125598,0.00064739,14
M_4_F_qt_Set_2,1.705292311,0,0.095238095,2687.495372,7.51188253,0.000140964,14
M_4_F_qt_Set_3,1.655353028,0,0.045454545,2800.815594,120.832104,3.50E-29,14
M_4_F_qh_Set_1,1.708740156,0,0.047619048,2685.744779,5.761288775,0.000342268,15
M_4_F_qh_Set_2,1.708861636,0,0.095238095,2694.89184,14.90835033,3.55E-06,14
M_4_F_qh_Set_3,1.652691136,0,0.090909091,2805.092185,125.1086952,4.20E-30,17
M_4_F_pt_Set_1,1.716105788,0,0.047619048,2712.562682,32.57919262,5.24E-10,26
M_4_F_pt_Set_2,1.710187581,0,0.047619048,2703.779405,23.79591536,4.26E-08,19
M_4_F_pt_Set_3,1.715642801,0,0.045454545,2801.993285,122.0097952,2.02E-29,19
M_4_F_ph_Set_1,1.707925601,0,0.047619048,2726.737117,46.75362679,4.46E-13,27
M_4_F_ph_Set_2,1.677062949,0,0.095238095,2727.098085,47.11459521,3.75E-13,22
M_4_F_ph_Set_3,1.700868236,0,0.045454545,2799.146386,119.1628965,8.54E-29,18
M_4_F_th_Set_1,1.710857453,0,0.047619048,2689.902115,9.918624759,4.53E-05,17
M_4_F_th_Set_2,1.700251693,0,0.047619048,2684.943121,4.959630909,0.000543909,10
M_4_F_th_Set_3,1.649139007,0,0.045454545,2815.72796,135.7444705,2.18E-32,19
M_4_F_lqp_Set_1,1.733084171,0,0.047619048,2691.432217,11.44872702,2.15E-05,20
M_4_F_lqp_Set_2,1.715810825,0,0.095238095,2686.666287,6.682797474,0.000234303,13
M_4_F_lqp_Set_3,1.704714347,0,0.045454545,2788.069921,108.0864312,2.25E-26,16
M_4_F_lqt_Set_1,1.729474282,0,0.047619048,2691.155788,11.17229843,2.52E-05,18
M_4_F_lqt_Set_2,1.714826489,0,0.095238095,2688.78978,8.806289895,8.27E-05,15
M_4_F_lqt_Set_3,1.720824601,0,0.045454545,2793.745394,113.7619042,1.35E-27,14
M_4_F_lqh_Set_1,1.728027556,0,0.047619048,2691.338212,11.35472209,2.34E-05,17
M_4_F_lqh_Set_2,1.713455083,0,0.095238095,2686.849621,6.866130904,0.000222545,12
M_4_F_lqh_Set_3,1.723470714,0,0.045454545,2793.275504,113.2920146,1.74E-27,14
M_4_F_lpt_Set_1,1.719152186,0,0.047619048,2707.635595,27.6521048,6.92E-09,24
M_4_F_lpt_Set_2,1.696284763,0,0.047619048,2702.881879,22.89838928,7.50E-08,19
M_4_F_lpt_Set_3,1.715288245,0,0.045454545,2804.105762,124.1222723,7.90E-30,20
M_4_F_lph_Set_1,1.710172763,0,0.047619048,2727.866627,47.8831372,2.86E-13,27
M_4_F_lph_Set_2,1.671483368,0,0.095238095,2724.813109,44.82961953,1.32E-12,22
M_4_F_lph_Set_3,1.701384485,0,0.045454545,2804.596854,124.6133638,6.32E-30,20
M_4_F_lth_Set_1,1.703084146,0,0.047619048,2699.644982,19.66149173,3.92E-07,20
M_4_F_lth_Set_2,1.697083101,0,0.047619048,2706.334078,26.35058838,1.39E-08,21
M_4_F_lth_Set_3,1.72682967,0,0.045454545,2788.923836,108.9403463,1.63E-26,13
M_4_F_qpt_Set_1,1.735637007,0,0.047619048,2700.785873,20.80238295,2.27E-07,24
M_4_F_qpt_Set_2,1.719625831,0,0.095238095,2687.445027,7.46153702,0.000180112,16
M_4_F_qpt_Set_3,1.70873051,0,0.045454545,2794.450363,114.4668728,1.05E-27,19
M_4_F_qph_Set_1,1.730275488,0,0.047619048,2693.23893,13.2554401,1.01E-05,21
M_4_F_qph_Set_2,1.718597126,0,0.095238095,2682.976871,2.993381607,0.001717668,12
M_4_F_qph_Set_3,1.700736096,0,0.045454545,2795.881385,115.8978954,5.26E-28,19
M_4_F_qth_Set_1,1.708779316,0,0.047619048,2688.466691,8.483200918,0.000112075,18
M_4_F_qth_Set_2,1.712378693,0,0.095238095,2679.98349,0,0.007791322,11
M_4_F_qth_Set_3,1.663141443,0,0.090909091,2801.451284,121.467794,3.30E-29,17
M_4_F_pth_Set_1,1.71683189,0,0.047619048,2716.073246,36.08975648,1.15E-10,27
M_4_F_pth_Set_2,1.699543565,0,0.047619048,2703.378582,23.39509244,6.63E-08,19
M_4_F_pth_Set_3,1.693341836,0,0.045454545,2801.963747,121.9802576,2.62E-29,20
M_4_F_lqpt_Set_1,1.733515066,0,0.047619048,2692.050314,12.06682407,1.94E-05,21
M_4_F_lqpt_Set_2,1.722599414,0,0.095238095,2687.892123,7.908633179,0.000156671,16
M_4_F_lqpt_Set_3,1.703278928,0,0.045454545,2788.412904,108.4294147,2.35E-26,17
M_4_F_lqph_Set_1,1.7344871,0,0.047619048,2694.526411,14.54292136,5.77E-06,21
M_4_F_lqph_Set_2,1.715376278,0,0.095238095,2690.421639,10.43814925,4.53E-05,15
M_4_F_lqph_Set_3,1.695830852,0,0.045454545,2786.828517,106.8450274,5.32E-26,16
M_4_F_lqth_Set_1,1.728970484,0,0.047619048,2693.428249,13.44475886,1.03E-05,19
M_4_F_lqth_Set_2,1.715172301,0,0.095238095,2688.604179,8.62068879,0.000115378,15
M_4_F_lqth_Set_3,1.732488908,0,0.045454545,2791.746766,111.7632761,4.66E-27,15
M_4_F_lpth_Set_1,1.717362895,0,0.047619048,2710.645435,30.66194483,1.92E-09,25
M_4_F_lpth_Set_2,1.700753827,0,0.047619048,2705.645484,25.66199387,2.36E-08,20
M_4_F_lpth_Set_3,1.700739664,0,0.045454545,2807.678053,127.6945635,1.66E-30,22
M_4_F_qpth_Set_1,1.737178684,0,0.047619048,2697.959639,17.97614957,1.12E-06,23
M_4_F_qpth_Set_2,1.721139108,0,0.095238095,2687.410866,7.427375899,0.000220871,16
M_4_F_qpth_Set_3,1.69806865,0,0.045454545,2796.475537,116.4920472,4.62E-28,20
M_4_F_lqpth_Set_1,1.730233779,0,0.047619048,2692.164305,12.18081566,2.09E-05,21
M_4_F_lqpth_Set_2,1.722549586,0,0.095238095,2688.095728,8.112237815,0.000161178,16
M_4_F_lqpth_Set_3,1.702996757,0,0.045454545,2793.191561,113.208071,2.46E-27,19
M_5_F_l_Set_1,1.735057344,0,0.047619048,2720.577154,40.5936644,1.45E-11,11
M_5_F_l_Set_2,1.660170298,0,0.095238095,2748.515385,68.53189525,1.26E-17,9
M_5_F_l_Set_3,1.729328593,0,0.045454545,2797.508503,117.5250135,2.92E-28,10
M_5_F_q_Set_1,1.699482116,0,0.047619048,2688.680498,8.697008557,0.000126174,11
M_5_F_q_Set_2,1.683428375,0,0.095238095,2695.891591,15.90810153,3.46E-06,10
M_5_F_q_Set_3,1.655609995,0,0.045454545,2805.783583,125.8000934,4.80E-30,9
M_5_F_p_Set_1,1.696298431,0,0.047619048,2721.870047,41.88655718,8.07E-12,23
M_5_F_p_Set_2,1.635816365,0,0.095238095,2722.048254,42.06476468,7.46E-12,14
M_5_F_p_Set_3,1.703265138,0,0.045454545,2802.551542,122.5680526,2.49E-29,16
M_5_F_t_Set_1,1.688517983,0,0.047619048,2713.789083,33.80559322,4.73E-10,15
M_5_F_t_Set_2,1.70268137,0,0.095238095,2698.804261,18.82077166,8.58E-07,8
M_5_F_t_Set_3,1.595687769,0,0.136363636,2824.490927,144.507437,4.42E-34,11
M_5_F_h_Set_1,1.670710473,0,0.095238095,2714.955857,34.97236705,2.72E-10,17
M_5_F_h_Set_2,1.645130809,0,0.095238095,2720.976787,40.99329689,1.36E-11,13
M_5_F_h_Set_3,1.709961905,0,0.045454545,2810.57162,130.5881297,4.81E-31,11
M_5_F_lq_Set_1,1.730142104,0,0.047619048,2687.25623,7.272739869,0.00029122,14
M_5_F_lq_Set_2,1.709047125,0,0.095238095,2690.045811,10.06232125,7.30E-05,11
M_5_F_lq_Set_3,1.728544852,0,0.045454545,2795.122768,115.1392782,1.12E-27,11
M_5_F_lp_Set_1,1.69951939,0,0.047619048,2712.601858,32.61836846,9.44E-10,20
M_5_F_lp_Set_2,1.636454329,0,0.095238095,2721.438271,41.45478157,1.15E-11,15
M_5_F_lp_Set_3,1.708485911,0,0.045454545,2804.64652,124.6630303,9.95E-30,17
M_5_F_lt_Set_1,1.696472839,0,0.095238095,2696.708817,16.72532706,2.76E-06,15
M_5_F_lt_Set_2,1.66630498,0,0.095238095,2695.029258,15.0457682,6.48E-06,12
M_5_F_lt_Set_3,1.729349292,0,0.045454545,2797.48128,117.4977904,3.71E-28,11
M_5_F_lh_Set_1,1.752988555,0,0.047619048,2707.852376,27.86888573,1.09E-08,15
M_5_F_lh_Set_2,1.648778184,0,0.095238095,2717.226544,37.24305405,1.02E-10,16
M_5_F_lh_Set_3,1.730829049,0,0.045454545,2801.587284,121.6037942,4.94E-29,14
M_5_F_qp_Set_1,1.732435066,0,0.047619048,2711.640091,31.65660137,1.70E-09,25
M_5_F_qp_Set_2,1.711720183,0,0.095238095,2687.711418,7.727928193,0.000270762,12
M_5_F_qp_Set_3,1.702424823,0,0.045454545,2797.443413,117.4599233,4.08E-28,17
M_5_F_qt_Set_1,1.699228377,0,0.047619048,2690.493313,10.50982356,6.92E-05,14
M_5_F_qt_Set_2,1.695378965,0,0.095238095,2687.659061,7.675570756,0.000289031,12
M_5_F_qt_Set_3,1.660123158,0,0.045454545,2808.304012,128.320522,1.86E-30,13
M_5_F_qh_Set_1,1.705392124,0,0.047619048,2694.791002,14.80751269,8.40E-06,15
M_5_F_qh_Set_2,1.70623547,0,0.095238095,2693.97774,13.99425062,1.28E-05,12
M_5_F_qh_Set_3,1.651435253,0,0.090909091,2814.411124,134.4276339,9.14E-32,17
M_5_F_pt_Set_1,1.70217116,0,0.047619048,2713.834574,33.85108383,6.41E-10,23
M_5_F_pt_Set_2,1.676758264,0,0.095238095,2702.100704,22.11721371,2.30E-07,15
M_5_F_pt_Set_3,1.701807198,0,0.045454545,2799.394331,119.4108413,1.74E-28,15
M_5_F_ph_Set_1,1.693534122,0,0.047619048,2721.727715,41.74422485,1.30E-11,23
M_5_F_ph_Set_2,1.644229044,0,0.095238095,2738.267907,58.28441723,3.37E-15,22
M_5_F_ph_Set_3,1.706071496,0,0.045454545,2804.400351,124.4168613,1.49E-29,17
M_5_F_th_Set_1,1.681449743,0,0.047619048,2691.762796,11.77930616,4.36E-05,13
M_5_F_th_Set_2,1.688933677,0,0.047619048,2690.363061,10.37957112,8.91E-05,9
M_5_F_th_Set_3,1.63932241,0,0.045454545,2811.420036,131.4365466,4.67E-31,12
M_5_F_lqp_Set_1,1.729150114,0,0.047619048,2697.53385,17.55036027,2.55E-06,20
M_5_F_lqp_Set_2,1.706606383,0,0.095238095,2690.858713,10.87522363,7.31E-05,13
M_5_F_lqp_Set_3,1.702732714,0,0.045454545,2796.970698,116.9872085,6.75E-28,17
M_5_F_lqt_Set_1,1.725032096,0,0.047619048,2691.382358,11.39886863,5.82E-05,16
M_5_F_lqt_Set_2,1.706264768,0,0.095238095,2685.569855,5.586364827,0.001081579,12
M_5_F_lqt_Set_3,1.728439718,0,0.045454545,2793.336156,113.3526663,4.37E-27,11
M_5_F_lqh_Set_1,1.726314612,0,0.047619048,2690.005314,10.02182446,0.000122033,15
M_5_F_lqh_Set_2,1.712329843,0,0.095238095,2690.300153,10.31666358,0.000107259,12
M_5_F_lqh_Set_3,1.730818868,0,0.045454545,2795.681609,115.6981188,1.43E-27,13
M_5_F_lpt_Set_1,1.701698707,0,0.047619048,2707.696535,27.71304529,1.86E-08,21
M_5_F_lpt_Set_2,1.675218124,0,0.095238095,2706.446926,26.46343641,3.54E-08,17
M_5_F_lpt_Set_3,1.702105954,0,0.045454545,2806.55115,126.5676603,6.61E-30,18
M_5_F_lph_Set_1,1.688074233,0,0.047619048,2712.748263,32.76477296,1.58E-09,20
M_5_F_lph_Set_2,1.643021056,0,0.095238095,2732.374758,52.39126832,8.82E-14,21
M_5_F_lph_Set_3,1.698389393,0,0.045454545,2806.604054,126.6205638,6.86E-30,18
M_5_F_lth_Set_1,1.690881319,0,0.047619048,2698.381148,18.39765831,2.22E-06,16
M_5_F_lth_Set_2,1.676229572,0,0.095238095,2703.98279,23.99930059,1.38E-07,16
M_5_F_lth_Set_3,1.730209221,0,0.045454545,2799.612884,119.6293944,2.42E-28,14
M_5_F_qpt_Set_1,1.72900664,0,0.047619048,2721.329936,41.34644644,2.47E-11,28
M_5_F_qpt_Set_2,1.71280679,0,0.095238095,2687.771612,7.788122008,0.000489002,14
M_5_F_qpt_Set_3,1.7038778,0,0.045454545,2800.003377,120.0198868,2.13E-28,18
M_5_F_qph_Set_1,1.734853509,0,0.047619048,2708.584007,28.60051698,1.55E-08,24
M_5_F_qph_Set_2,1.705662543,0,0.095238095,2687.636642,7.653151821,0.000563439,12
M_5_F_qph_Set_3,1.699192771,0,0.045454545,2797.561523,117.5780334,7.80E-28,17
M_5_F_qth_Set_1,1.702996257,0,0.047619048,2690.666349,10.68285934,0.000130607,15
M_5_F_qth_Set_2,1.709520055,0,0.095238095,2687.433583,7.450092723,0.000675564,12
M_5_F_qth_Set_3,1.655628009,0,0.090909091,2803.505473,123.5219828,4.34E-29,14
M_5_F_pth_Set_1,1.704765562,0,0.047619048,2713.151518,33.16802869,1.86E-09,23
M_5_F_pth_Set_2,1.676908924,0,0.095238095,2704.800646,24.81715596,1.25E-07,16
M_5_F_pth_Set_3,1.697378149,0,0.045454545,2806.750008,126.7665186,9.38E-30,18
M_5_F_lqpt_Set_1,1.727782057,0,0.047619048,2697.486649,17.50315938,5.15E-06,20
M_5_F_lqpt_Set_2,1.714240426,0,0.095238095,2690.854058,10.87056866,0.00014682,15
M_5_F_lqpt_Set_3,1.708478121,0,0.045454545,2799.34431,119.3608201,4.20E-28,18
M_5_F_lqph_Set_1,1.729970833,0,0.047619048,2697.457129,17.47363925,5.80E-06,20
M_5_F_lqph_Set_2,1.710517304,0,0.095238095,2692.72438,12.7408904,6.41E-05,14
M_5_F_lqph_Set_3,1.695487915,0,0.045454545,2802.74236,122.7588706,8.58E-29,19
M_5_F_lqth_Set_1,1.725780758,0,0.047619048,2691.531117,11.54762727,0.000125819,16
M_5_F_lqth_Set_2,1.710034064,0,0.095238095,2687.973787,7.990296924,0.000775931,13
M_5_F_lqth_Set_3,1.73057844,0,0.045454545,2798.874412,118.8909219,6.71E-28,15
M_5_F_lpth_Set_1,1.702155967,0,0.047619048,2704.809221,24.82573107,1.87E-07,20
M_5_F_lpth_Set_2,1.672921111,0,0.095238095,2706.428367,26.44487676,8.73E-08,17
M_5_F_lpth_Set_3,1.696004276,0,0.045454545,2809.18795,129.2044601,4.45E-30,19
M_5_F_qpth_Set_1,1.730609939,0,0.047619048,2711.514297,31.53080753,7.60E-09,25
M_5_F_qpth_Set_2,1.712723054,0,0.095238095,2687.818287,7.834797257,0.001121387,14
M_5_F_qpth_Set_3,1.702076167,0,0.045454545,2797.456331,117.4728416,1.85E-27,17
M_5_F_lqpth_Set_1,1.732155199,0,0.047619048,2700.186229,20.20273921,2.61E-06,21
M_5_F_lqpth_Set_2,1.712135216,0,0.095238095,2688.307203,8.323713397,0.001055815,14
M_5_F_lqpth_Set_3,1.697517019,0,0.045454545,2799.454801,119.4713115,8.29E-28,18
