id,institutionCode,catalogNumber,recordedBy,year,month,day,decimalLatitude,decimalLongitude,Personal ID status,,,,,,,
12859277,iNaturalist,72247035,Janet Wright,2021,3,0,31.18734167,-86.69718056,n/a,,,,0,,yes,456
13667625,iNat,57649805,Jonathan F. Noel,1999,3,1,38.62854261,-86.05296046,maybe,,,,730,,no,83
13598860,iNat,150258841,Jeff Perry,2023,3,4,33.77485,-84.323845,no,,,,,,maybe,166
13598891,iNat,150367452,Shelby Doolin,2023,3,5,33.70962833,-84.78424167,no,,,,,,n/a,23
13598901,iNat,150411543,Harrison Baucom,2023,3,6,33.88842586,-84.44419123,no,,,,,,,
13598939,iNat,150587521,Thomas Cole,2023,3,8,33.95386192,-84.49314731,no,,,,,,,728
13610037,iNat,201849482,mpearlstein,2024,3,9,33.90414276,-84.24669172,yes,,,,,,,
8064371,MUOB,MUOB 167841,Quallshb,2014,3,9,35.2094,-88.1811,yes,,,,,,,
13599736,iNat,154408299,imagine gnat,2023,3,10,34.07416911,-84.541811,maybe,,,,,,,
13888208,iNat,39949892,John Kees,2020,3,12,31.51555707,-90.25498601,maybe,,,,,,,
13610247,iNat,202358465,karenakosco,2024,3,13,32.45769167,-83.743225,maybe,,,,,,,
13610436,iNat,203195852,karenakosco,2024,3,13,32.45770333,-83.74323333,maybe,,,,,,,
12377490,iNaturalist,29178297,Anthoni,2019,3,13,33.4712,-86.79795,n/a,,,,,,,
13610323,iNat,202604026,Steven IGAS Landseadel,2024,3,13,32.93281113,-85.11500969,no,,,,,,,
13610226,iNat,202338522,Melissa Moody,2024,3,13,33.67487139,-84.9459433,yes,,,,,,,
8184091,MUOB,MUOB 361494,AlabamaMushroomSociety,2019,3,13,33.4712,-86.798,yes,,,,,,,
12850728,iNat,71324803,katrina hashagen,2021,3,14,30.94613671,-91.26924324,maybe,,,,,,,
13890210,iNat,151134938,Kyle Morgan,2023,3,14,33.6493631,-89.77550531,maybe,,,,,,,
13599159,iNat,151246324,Jesse P. Karlsberg,2023,3,15,33.77218833,-84.319245,maybe,,,,,,,
13610319,iNat,202602915,Christine Braaten,2024,3,15,33.19348175,-84.14800331,yes,,,,,,,
13610343,iNat,202685661,sjudah25,2024,3,16,33.3910366,-84.69548921,no,,,,,,,
13610365,iNat,202751874,t0ad_kochab,2024,3,16,33.27806685,-83.92890522,yes,,,,,,,
13610456,iNat,203270630,Steven IGAS Landseadel,2024,3,17,33.07065344,-83.40183075,maybe,,,,,,,
14313333,iNat,202865362,mmasell,2024,3,17,35.05773934,-89.272471,yes,,,,,,,
13599345,iNat,151965117,Heatherelle,2023,3,18,33.99408452,-83.49485734,maybe,,,,,,,
10513558,NCU,NCU-F-0031602,"Bryan, Corbin T.",2020,3,18,35.924263,-79.046433,mybe,,,,,,,
13599224,iNat,151535040,squelly,2023,3,18,34.70955,-85.37580833,yes,,,,,,,
13891565,iNat,203008178,Logan Wiedenfeld,2024,3,18,31.89042245,-91.02539917,yes,,,,,,,
13582111,iNat,21984959,Johnny,2019,3,19,33.21567222,-83.410325,maybe,,,,,,,
13610422,iNat,203154412,Lauren Giles,2024,3,19,33.84611167,-84.44948667,maybe,,,,,,,
14306841,iNat,151613686,Hayden Johnson,2023,3,19,35.12502783,-89.84661167,no,,,,,,,
14285507,iNat,151645670,Leo,2023,3,19,34.92320864,-82.38563206,yes,,,,,,,
14075517,iNat,238714886,Jeff Guillemette,2023,3,19,35.208433,-80.84628043,yes,,,,,,,
13888859,iNat,111743700,Brian Williams,2021,3,20,33.35005905,-88.88561663,maybe,,,,,,,
13599281,iNat,151767943,Devin Duncan,2023,3,20,33.86095997,-83.926612,no,,,,,,,
13610441,iNat,203255615,wildlifewanderer,2024,3,20,32.86865669,-83.75968019,no,,,,,,,
13610493,iNat,203286127,Odile V,2024,3,20,33.99096658,-83.65427237,no,,,,,,,
13610494,iNat,203287049,Odile V,2024,3,20,33.81218505,-83.60231116,no,,,,,,,
13581028,iNat,10360376,Alex Terry,2018,3,20,33.8042519,-84.40130139,yes,,,,,,,
14068779,iNat,203292703,panopuszko,2024,3,20,35.25493333,-81.07884167,yes,,,,,,,
14038606,iNat,40374498,melissaphill,2020,3,21,35.73945608,-78.82765942,maybe,,,,,,,
14313367,iNat,203415999,nizar,2024,3,21,35.14777395,-89.98752988,yes,,,,,,,
14313368,iNat,203416077,nizar,2024,3,21,35.14768972,-89.98798762,yes,,,,,,,
13610533,iNat,203528889,Steven IGAS Landseadel,2024,3,22,33.09043888,-83.47083464,maybe,,,,,,,
14285523,iNat,151948950,Sarah Kolarik,2023,3,22,34.97277316,-82.40780855,yes,,,,,,,
13610546,iNat,203624192,Harrison Baucom,2024,3,23,33.89380687,-84.44207068,maybe,,,,,,,
14068829,iNat,203656178,David Allf,2024,3,23,35.17570223,-81.14096467,maybe,,,,,,,
13610584,iNat,203682720,mpearlstein,2024,3,23,33.7933557,-84.27894724,maybe,,,,,,,
14068831,iNat,203659895,A. Gaskell,2024,3,23,35.07805,-79.90173333,no,,,,,,,
14306875,iNat,152060972,Ryan Pudwell,2023,3,23,35.07967,-89.87667797,yes,,,,,,,
14068270,iNat,200579554,forest-stream-and-sea,2019,3,23,35.2895651,-81.2078164,yes,,,,,,,
14313382,iNat,203666579,J. Fields Falcone,2024,3,23,35.0650555,-90.12854717,yes,,,,,,,
13610581,iNat,203677196,mpearlstein,2024,3,23,33.9403213,-84.20562602,yes,,,,,,,
13891582,iNat,203782826,Maddie Jewess,2024,3,24,34.36055333,-89.52839667,yes,,,,,,,
14313398,iNat,203808814,mabrybiggs,2024,3,24,36.13495686,-85.82560387,yes,,,,,,,
14313420,iNat,203964879,Jared Gorrell,2024,3,24,36.07396798,-85.8335226,yes,,,,,,,
13891595,iNat,204461670,adfloyd,2024,3,24,33.81025663,-89.71100589,yes,,,,,,,
14306907,iNat,152298854,nizar,2023,3,25,35.14536667,-89.98716167,maybe,,,,,,,
14057006,iNat,152378817,Joey P,2023,3,25,35.825225,-79.14636117,maybe,,,,,,,
13599620,iNat,153557467,Giff Beaton,2023,3,25,33.51129092,-84.73753146,maybe,,,,,,,
12857303,iNaturalist,72034275,Rob John,2021,3,25,32.45187871,-86.37225994,n/a,,,,,,,
13610622,iNat,203927283,Suzanne Nicksic,2024,3,25,33.79711914,-84.16146851,yes,,,,,,,
14068884,iNat,203976227,Mel Humble,2024,3,25,34.9371693,-80.78301527,yes,,,,,,,
14038654,iNat,40767611,adriennemoore,2020,3,26,36.04597217,-79.14085283,maybe,,,,,,,
13610653,iNat,204078565,Christine Braaten,2024,3,26,33.4883926,-81.9901154,maybe,,,,,,,
13610663,iNat,204105391,Steven IGAS Landseadel,2024,3,26,33.7559285,-85.04787745,maybe,,,,,,,
14295461,iNat,21853509,jefferykarafa,2019,3,26,35.07688463,-89.8973617,yes,,,,,,,
14306915,iNat,152392954,gumbodian,2023,3,26,36.12975355,-86.75040017,yes,,,,,,,
14057014,iNat,152412156,Gage Sutton,2023,3,26,35.18908189,-80.07039632,yes,,,,,,,
14057018,iNat,152416863,Becky Dill,2023,3,26,35.15618834,-80.05424238,yes,,,,,,,
13715030,iNat,152761460,Karina Danielle Yates,2023,3,26,37.9640496,-84.7866488,yes,,,,,,,
14068891,iNat,204051404,Rob Van Epps,2024,3,26,35.56251342,-80.87954581,yes,,,,,,,
14313431,iNat,204063589,nizar,2024,3,26,35.14746117,-89.98348333,yes,,,,,,,
14313434,iNat,204066148,nizar,2024,3,26,35.14664717,-89.98535833,yes,,,,,,,
13610745,iNat,204408879,Steven IGAS Landseadel,2024,3,27,33.09102214,-83.4891474,no,,,,,,,
13610746,iNat,204409676,Steven IGAS Landseadel,2024,3,27,33.17164895,-83.44386221,no,,,,,,,
14057053,iNat,152569701,George Lee,2023,3,27,35.23272649,-82.27445957,yes,,,,,,,
14289151,iNat,204197668,Kristen Nicole,2024,3,27,34.77998908,-82.8805132,yes,,,,,,,
13889630,iNat,144228115,Logan Wiedenfeld,2021,3,28,32.337911,-90.850921,maybe,,,,,,,
14057064,iNat,152660848,outdoorbum,2023,3,28,35.26668833,-80.929245,maybe,,,,,,,
13610705,iNat,204300896,Brandon Reid Fountain,2024,3,28,32.88866167,-83.807005,maybe,,,,,,,
14313474,iNat,204314721,Oliver Sweazy,2024,3,28,35.14733291,-89.98507896,maybe,,,,,,,
13610717,iNat,204332945,laird_haynes,2024,3,28,33.95441334,-84.77641568,maybe,,,,,,,
14057141,iNat,153301647,Laura Dawson,2023,3,28,35.80600853,-81.31608076,yes,,,,,,,
14289158,iNat,204265460,Hope Wertz,2024,3,28,34.91174842,-82.27633895,yes,,,,,,,
14471693,iNat,204318797,Theo O'Connell III,2024,3,28,39.28870007,-80.30592196,yes,,,,,,,
14075520,iNat,238715623,Jeff Guillemette,2023,3,28,35.45904281,-80.97375188,yes,,,,,,,
14075521,iNat,238715655,Jeff Guillemette,2023,3,28,35.22864306,-80.93983455,yes,,,,,,,
14075522,iNat,238715816,Jeff Guillemette,2023,3,28,35.28900279,-80.81446604,yes,,,,,,,
14075523,iNat,238715855,Jeff Guillemette,2023,3,28,35.26442205,-80.96631401,yes,,,,,,,
14057074,iNat,152727292,whatajewell,2023,3,29,36.0032271,-78.91043213,maybe,,,,,,,
14057085,iNat,152777697,jmtiffan,2023,3,29,35.76947403,-78.67302704,maybe,,,,,,,
13610728,iNat,204395067,Brandon Reid Fountain,2024,3,29,32.76483667,-83.400925,no,,,,,,,
13610753,iNat,204445851,Lauren Giles,2024,3,29,33.84610333,-84.44943333,no,,,,,,,
13610762,iNat,204455418,ramblingbea,2024,3,29,33.92497805,-84.35894832,no,,,,,,,
12521237,iNat,40982406,tnhiker,2020,3,29,36.548434,-82.5618186,yes,,,,,,,
12526759,iNat,41578524,Jacob Saucier,2020,3,29,38.895911,-77.081203,yes,,,,,,,
14285198,iNat,147766852,thomas_oneal97,2022,3,29,34.87487167,-82.04461667,yes,,,,,,,
14289175,iNat,204401508,breashia23,2024,3,29,34.99849973,-81.96633213,yes,,,,,,,
14313502,iNat,204596675,Hayden Johnson,2024,3,30,35.056675,-90.12982217,maybe,,,,,,,
14289189,iNat,204649757,Julie Menzies,2024,3,30,34.72404744,-82.23285474,maybe,,,,,,,
14289190,iNat,204649934,Julie Menzies,2024,3,30,34.73210357,-82.22253479,maybe,,,,,,,
13623534,iNat,267719699,Sara Gottlieb,2025,3,30,33.77211167,-84.31949667,maybe,,,,,,,
14298512,iNat,72477469,Melissa Bell,2021,3,30,35.96755021,-86.65311192,yes,,,,,,,
13715036,iNat,152870407,kennaanderson,2023,3,30,37.468975,-82.54602,yes,,,,,,,
14307029,iNat,153454629,Luke Mahrenholz,2023,3,30,36.24719356,-86.91779128,yes,,,,,,,
13715078,iNat,153558820,gracetackett,2023,3,30,37.46869161,-82.54757073,yes,,,,,,,
13715204,iNat,154855734,kaylicaudill,2023,3,30,37.46903833,-82.54602833,yes,,,,,,,
13715250,iNat,155410973,kaylicaudill,2023,3,30,37.46903833,-82.54602833,yes,,,,,,,
14069003,iNat,204969867,obenhan,2024,3,30,35.9471043,-79.01066182,yes,,,,,,,
13610891,iNat,205386226,charliehunter,2024,3,30,33.83854167,-84.27017167,yes,,,,,,,
14306977,iNat,152983744,Alex Hejna,2023,3,31,35.34234722,-90.03977778,maybe,,,,,,,
13610804,iNat,204871970,codiro,2024,3,31,34.30774667,-82.85681167,maybe,,,,,,,
8184569,MUOB,MUOB 362396,Vintage_Leaf,2019,3,31,37.0757,-76.5039,maybe,,,,,,,
12329396,iNat,21984973,Johnny,2019,3,31,33.22060833,-83.42591667,no,,,,,,,
14038692,iNat,41126947,Jonathan Rand,2020,3,31,35.72500071,-82.43692075,yes,,,,,,,
13616100,iNat,234636137,iatkins777,2024,3,31,34.58684329,-83.42212207,yes,,,,,,,
12377810,iNaturalist,29211566,dianaabc,2019,4,0,34.24490946,-87.34651223,n/a,,,,,,,
12542979,iNaturalist,43749469,Erik,2020,4,0,39.05548617,-77.33141333,n/a,,,,,,,
12981225,iNaturalist,90500318,jim,2021,4,0,38.47720625,-90.65964398,n/a,,,,,,,
6958348,iNaturalist,12342617,theo_witsell,2018,4,0,34.83952167,-92.52953333,yes,,,,,,,
14289204,iNat,204999039,Jess Hartshorn,2024,4,1,34.6128601,-82.9058185,no,,,,,,,
12536520,iNat,42732804,atlrob,2020,4,1,34.77201401,-83.43426414,yes,,,,,,,
14281675,iNat,89835775,Kimberly R Fleming,2009,4,1,34.393524,-82.348927,yes,,,,,,,
14282634,iNat,110144335,Haley,2022,4,1,35.1256315,-82.5735783,yes,,,,,,,
14361617,iNat,153064251,Betsy Washington,2023,4,1,37.779495,-76.44821167,yes,,,,,,,
14057132,iNat,153204794,Brody McAllister,2023,4,1,35.38142345,-82.592985,yes,,,,,,,
8183450,MUOB,MUOB 360248,Donald Stokes,2004,4,1,34.4818,-88.9909,yes,,,,,,,
13590774,iNat,110230673,John Moorhous,2022,4,2,34.10759535,-85.33634361,maybe,,,,,,,
14361644,iNat,153270033,Caleb Ratigan,2023,4,2,37.52953388,-77.46937159,maybe,,,,,,,
14069028,iNat,205165139,Austin Cline,2024,4,2,35.19844756,-80.63939195,maybe,,,,,,,
13610859,iNat,205242364,Suzanne,2024,4,2,33.87149048,-83.29714203,maybe,,,,,,,
14289217,iNat,205108318,Tommy Victor,2024,4,2,34.88380378,-82.2113568,no,,,,,,,
12523770,iNat,41257733,Alex B.,2020,4,2,37.80353122,-82.84758281,yes,,,,,,,
12524239,iNat,41302838,Roody White,2020,4,2,36.46558082,-85.40293112,yes,,,,,,,
14038733,iNat,41791787,Kirsten Bonanza-Diaz,2020,4,2,35.65795833,-82.46862,yes,,,,,,,
12863652,iNat,72808213,marley_s,2021,4,2,34.14196667,-84.29187833,yes,,,,,,,
14057139,iNat,153277164,Denise Williams,2023,4,2,35.62432333,-81.73525667,yes,,,,,,,
14069021,iNat,205130864,bkmccormick,2024,4,2,36.0793195,-79.97772167,yes,,,,,,,
14313563,iNat,205265584,hyphae1,2024,4,2,35.37478975,-86.22835299,yes,,,,,,,
14069282,iNat,207982510,Devin Merkle,2024,4,2,36.08971477,-79.82967429,yes,,,,,,,
13581040,iNat,10592582,Juno Jang,2018,4,3,33.90966,-84.4699025,maybe,,,,,,,
13581039,iNat,10592449,Juno Jang,2018,4,3,33.90949465,-84.47051505,yes,,,,,,,
13590791,iNat,110433478,Cassie Tamblyn,2022,4,3,34.54640421,-83.52007339,yes,,,,,,,
13599624,iNat,153572831,stephanieheuker,2023,4,3,34.04150833,-84.42442167,yes,,,,,,,
14471742,iNat,205382224,Theo O'Connell III,2024,4,3,39.28508837,-80.33870056,yes,,,,,,,
13718990,iNat,216192019,Joe Lacefield,2024,4,3,38.0946726,-84.8521793,yes,,,,,,,
12524850,iNat,41376567,Roberta,2020,4,4,37.48779726,-75.90223983,no,,,,,,,
13599678,iNat,153932006,waspaganda,2023,4,4,34.95596667,-83.77909167,no,,,,,,,
14057164,iNat,153495650,spencerworley,2023,4,4,36.26327515,-78.92769623,yes,,,,,,,
14057167,iNat,153549945,jongorter,2023,4,4,35.28128433,-82.44352722,yes,,,,,,,
14057444,iNat,155830801,Robby Deans,2023,4,4,35.65455982,-79.96955272,yes,,,,,,,
13716494,iNat,176486859,Ilona Perler-Tomboly,2023,4,4,37.5649,-84.2405,yes,,,,,,,
14069055,iNat,205399890,skhubbard1,2024,4,4,36.13535283,-81.18772833,yes,,,,,,,
14471754,iNat,205598978,Theo O'Connell III,2024,4,4,39.28508837,-80.33870056,yes,,,,,,,
14069088,iNat,205680606,CJ Smith,2024,4,4,35.73353271,-82.4869091,yes,,,,,,,
13610920,iNat,205540392,ilookaftertherain,2024,4,5,33.93695034,-83.9577695,maybe,,,,,,,
13610921,iNat,205540703,ilookaftertherain,2024,4,5,33.8291205,-83.95467148,maybe,,,,,,,
14250074,iNat,205896038,Kevin Popowich,2024,4,5,39.8009791,-75.26710329,maybe,,,,,,,
14313644,iNat,206286749,Ryne Rutherford,2024,4,5,35.99296167,-84.21611167,maybe,,,,,,,
8184813,MUOB,MUOB 362845,Vintage_Leaf,2019,4,5,37.0757,-76.5039,maybe,,,,,,,
14361751,iNat,154204995,Jules Amanita,2023,4,5,37.86451755,-77.81788908,yes,,,,,,,
13610922,iNat,205540957,ilookaftertherain,2024,4,5,33.8402013,-83.8991601,yes,,,,,,,
13610923,iNat,205541163,ilookaftertherain,2024,4,5,33.8402013,-83.8991601,yes,,,,,,,
13610926,iNat,205566443,carolinabean,2024,4,5,33.87775507,-83.93159,yes,,,,,,,
13610928,iNat,205595070,mpearlstein,2024,4,5,33.89662342,-84.30952704,yes,,,,,,,
14471755,iNat,205599176,Theo O'Connell III,2024,4,5,39.30842129,-80.34675624,yes,,,,,,,
13718466,iNat,205745256,bobbybray76,2024,4,5,36.80302413,-85.65738006,yes,,,,,,,
13908411,iNat,206438204,amlambert11,2024,4,5,38.58904585,-92.23611193,yes,,,,,,,
8184814,MUOB,MUOB 362846,Vintage_Leaf,2019,4,5,37.0757,-76.5039,yes,,,,,,,
13586289,iNat,63590529,lejones417,2013,4,6,33.76568701,-84.3359042,maybe,,,,,,,
13599640,iNat,153693290,denispell,2023,4,6,34.72797012,-83.57616425,maybe,,,,,,,
13718472,iNat,205777771,kylebrown,2024,4,6,36.80902167,-86.46353,maybe,,,,,,,
13891620,iNat,205933181,Brian Williams,2024,4,6,34.34580799,-88.99637389,maybe,,,,,,,
13610969,iNat,206081240,Darling Data,2024,4,6,33.66524167,-84.35372167,maybe,,,,,,,
13612476,iNat,217688835,ilookaftertherain,2024,4,6,33.90794687,-83.91022627,maybe,,,,,,,
14057213,iNat,153717858,matthish09,2023,4,6,35.76472855,-82.3731308,no,,,,,,,
13535479,iNat,153687216,czmike,2023,4,6,39.70702927,-75.70276137,yes,,,,,,,
14057209,iNat,153696167,acranson,2023,4,6,36.2310791,-79.77681732,yes,,,,,,,
14057210,iNat,153698014,sandy_04,2023,4,6,35.61003534,-82.44003153,yes,,,,,,,
14057214,iNat,153732133,birdygirls,2023,4,6,35.18734741,-82.97240448,yes,,,,,,,
14313594,iNat,205733560,Phillip A Filtz,2024,4,6,36.331195,-88.60498833,yes,,,,,,,
14250039,iNat,205745295,Ryan Smith,2024,4,6,40.19564046,-80.03866609,yes,,,,,,,
14471778,iNat,205801172,Theo O'Connell III,2024,4,6,39.27141318,-80.29503353,yes,,,,,,,
13718496,iNat,206248433,Michelle Strader,2024,4,6,38.35748759,-82.64611192,yes,,,,,,,
14371564,iNat,206347219,wanderingeden,2024,4,6,36.50749976,-76.09459115,yes,,,,,,,
13610995,iNat,206408747,Calvin Walford,2024,4,6,33.84144261,-83.85299191,yes,,,,,,,
14121160,iNat,207511878,laddercorn,2024,4,6,39.07489615,-84.41589797,yes,,,,,,,
13612477,iNat,217689644,ilookaftertherain,2024,4,6,33.90779037,-83.91163742,yes,,,,,,,
13612478,iNat,217690268,ilookaftertherain,2024,4,6,33.90749546,-83.91089434,yes,,,,,,,
8017786,MUOB,MUOB 92161,Dave W,2012,4,6,41.1646,-75.9602,yes,,,,,,,
12530294,iNat,41990702,Tucker O'Brien,2020,4,7,38.99312626,-77.00522417,maybe,,,,,,,
13647023,iNat,153877053,Hannah Holmquist,2023,4,7,37.74706374,-89.34483979,maybe,,,,,,,
13610959,iNat,205933019,Mark A Ray,2024,4,7,34.14230599,-84.85360268,maybe,,,,,,,
12526985,iNaturalist,41608885,tatarrific,2020,4,7,38.97979042,-77.03683144,n/a,,,,,,,
6957444,iNat,12168526,Daniel Folds,2018,4,7,34.18435912,-84.52454448,no,,,,,,,
13748185,iNat,41639293,Dani Weissman,2020,4,7,39.01195233,-77.03399327,no,,,,,,,
12330701,iNat,22166324,agsulliv,2019,4,7,35.69728333,-78.71923,yes,,,,,,,
14192981,iNat,41768109,Kyle Hancock,2020,4,7,39.91712742,-75.22849646,yes,,,,,,,
12232677,iNat,111157355,dbond,2022,4,7,36.16684683,-82.2945979,yes,,,,,,,
14057252,iNat,154125852,dogeatingdirt,2023,4,7,35.48271895,-83.3025965,yes,,,,,,,
14371495,iNat,205888669,jfife7,2024,4,7,37.26299552,-80.4359418,yes,,,,,,,
14069111,iNat,205991376,klubnc,2024,4,7,35.17180471,-81.30985562,yes,,,,,,,
14471788,iNat,206016306,Theo O'Connell III,2024,4,7,39.28870007,-80.30592196,yes,,,,,,,
13762295,iNat,154053669,Annie Weissman,2023,4,8,38.96107167,-77.1269445,maybe,,,,,,,
13710098,iNat,41692649,Samuel Lyons,2020,4,8,37.38883642,-85.34809358,yes,,,,,,,
13665841,iNat,41716774,Joe Steele,2020,4,8,39.16814667,-86.16229167,yes,,,,,,,
13715100,iNat,153951227,ozzyelm1,2023,4,8,37.91836548,-85.65770721,yes,,,,,,,
13715108,iNat,154000030,Ruth M.,2023,4,8,37.92786502,-85.61876332,yes,,,,,,,
13715120,iNat,154035578,Pauline Catling,2023,4,8,37.49007635,-84.19658778,yes,,,,,,,
13762296,iNat,154053716,Annie Weissman,2023,4,8,38.96062833,-77.12667217,yes,,,,,,,
13647054,iNat,154317673,Jeff Steele,2023,4,8,37.43785185,-89.57184591,yes,,,,,,,
13647064,iNat,154417595,Michelle Dane,2023,4,8,37.6095315,-89.2022929,yes,,,,,,,
13687378,iNat,154497761,Crystal Birt,2023,4,8,38.47271988,-85.87059338,yes,,,,,,,
14069119,iNat,206133351,Antigone Burke,2024,4,8,35.53641188,-82.7819347,yes,,,,,,,
14471799,iNat,206174880,Theo O'Connell III,2024,4,8,39.28870007,-80.30592196,yes,,,,,,,
14471805,iNat,206177260,Theo O'Connell III,2024,4,8,39.28870007,-80.30592196,yes,,,,,,,
14471806,iNat,206177666,Theo O'Connell III,2024,4,8,39.28870007,-80.30592196,yes,,,,,,,
14471809,iNat,206178129,Theo O'Connell III,2024,4,8,39.28870007,-80.30592196,yes,,,,,,,
14471811,iNat,206178592,Theo O'Connell III,2024,4,8,39.28870007,-80.30592196,yes,,,,,,,
14471818,iNat,206180753,Theo O'Connell III,2024,4,8,39.28870007,-80.30592196,yes,,,,,,,
13908391,iNat,206247328,Jim Oehmke,2024,4,8,36.49667169,-90.63440055,yes,,,,,,,
14353041,iNat,110878125,Jiang Chao,2022,4,9,38.7672545,-77.0595194,maybe,,,,,,,
13762314,iNat,154176671,veggins,2023,4,9,39.01815796,-77.0679245,maybe,,,,,,,
14307385,iNat,156604843,Gwen,2019,4,9,35.9632133,-86.5299673,maybe,,,,,,,
14057261,iNat,154162567,John,2023,4,9,35.92532861,-78.94252643,no,,,,,,,
8130125,MUOB,MUOB 273854,Jimmy Craine,2017,4,9,30.3018,-48.3124,no,,,,,,,
14037345,iNat,28677977,Armin Weise,2019,4,9,35.65110466,-82.57568488,yes,,,,,,,
13903624,iNat,154117425,bvilensky,2023,4,9,37.12791117,-93.23753333,yes,,,,,,,
14307144,iNat,154157845,infamyandbeyond,2023,4,9,36.30593109,-82.36290741,yes,,,,,,,
13599711,iNat,154160967,Troy Alexander,2023,4,9,34.763517,-83.94751397,yes,,,,,,,
14361743,iNat,154176742,jasonsosebee,2023,4,9,38.28424667,-77.495095,yes,,,,,,,
14313645,iNat,206299992,Luke Mahrenholz,2024,4,9,35.94532094,-87.24026629,yes,,,,,,,
14250182,iNat,206339581,Robert Bosiljevac,2024,4,9,40.57023925,-79.90907096,yes,,,,,,,
14081028,iNat,262458373,Royce Milam,2019,4,9,35.81896638,-82.88642839,yes,,,,,,,
12870496,iNat,73750671,Ilana,2021,4,10,38.90513342,-77.38570508,maybe,,,,,,,
12234291,iNat,111397187,Aeran Coughlin,2022,4,10,35.92446333,-79.04773617,maybe,,,,,,,
14069182,iNat,206814596,Sarah Wright,2024,4,10,35.6997502,-80.74884735,maybe,,,,,,,
8130681,MUOB,MUOB 274824,John,2017,4,10,34.0257,-84.7809,maybe,,,,,,,
13590848,iNat,111021098,Troy Alexander,2022,4,10,34.658627,-85.38987797,no,,,,,,,
14037347,iNat,28677979,Armin Weise,2019,4,10,35.24719738,-82.0738219,yes,,,,,,,
14193011,iNat,41833347,Phil M,2020,4,10,40.05621075,-75.2173309,yes,,,,,,,
12232101,iNat,111076945,Carrie,2022,4,10,34.98138233,-80.98299801,yes,,,,,,,
13715167,iNat,154571724,Karina Danielle Yates,2023,4,10,38.5365748,-83.1359978,yes,,,,,,,
14307215,iNat,154868502,Molly Hammel,2023,4,10,35.75238889,-83.27434722,yes,,,,,,,
14118653,iNat,192341277,Cindy MC wildlydistracted,2021,4,10,39.36973815,-82.9323352,yes,,,,,,,
14069151,iNat,206460837,sierra harwood,2024,4,10,35.81987254,-81.18815515,yes,,,,,,,
13694536,iNat,206538297,Happi Hyphae,2024,4,10,41.23807865,-85.85304704,yes,,,,,,,
14353058,iNat,111146628,Bea Leiderman,2022,4,11,37.46946667,-77.669525,maybe,,,,,,,
12239732,iNat,112127414,Dana Fitz-Simons,2014,4,11,35.96675212,-78.64070501,maybe,,,,,,,
13381727,FLAS,FLAS-F-68842,Rachel Swenie,2021,4,11,35.707,-83.3829,n/a,,,,,,,
4387561,PUL,PUL00031851,"Russell, Stephen D",2017,4,11,39.427825,-86.428328,n/a,,,,,,,
12222280,iNat,109774233,Brian Hunt,2017,4,11,39.24989904,-86.16870988,yes,,,,,,,
12232888,iNat,111192504,francesboyer,2022,4,11,37.54070615,-77.43604817,yes,,,,,,,
12240799,iNat,112273948,hjroberts,2022,4,11,37.46965557,-83.29695157,yes,,,,,,,
12240860,iNat,112285696,jdisney326,2022,4,11,37.46637167,-83.14106667,yes,,,,,,,
14057299,iNat,154474651,lenahaley,2023,4,11,35.83896231,-82.03206841,yes,,,,,,,
14225568,iNat,154490317,Robert Bosiljevac,2023,4,11,40.53147709,-79.78437754,yes,,,,,,,
14121011,iNat,206670548,goltzene,2024,4,11,39.49931333,-84.039315,yes,,,,,,,
13611037,iNat,206671033,Stephen Wojcik,2024,4,11,34.1477555,-84.20438333,yes,,,,,,,
14121021,iNat,206697530,Cindy MC wildlydistracted,2024,4,11,40.25498424,-82.95710276,yes,,,,,,,
14121025,iNat,206703495,Brooke Medlin,2024,4,11,39.66872706,-84.38197842,yes,,,,,,,
14121026,iNat,206703594,Brooke Medlin,2024,4,11,39.79923667,-84.336495,yes,,,,,,,
14471842,iNat,206813592,Theo O'Connell III,2024,4,11,39.25092187,-80.31231165,yes,,,,,,,
11191432,TENN-F,TENN-F-075708,C.R. Noffsinger,2021,4,11,35.7296,-83.4062,yes,,,,,,,
14307264,iNat,155276329,Cade,2023,4,12,36.29958534,-82.36758344,maybe,,,,,,,
13665889,iNat,42038645,Joe Steele,2020,4,12,39.05321383,-86.22356333,yes,,,,,,,
13748212,iNat,42050585,Erin Lalime,2020,4,12,39.13478611,-76.89271944,yes,,,,,,,
14043999,iNat,73832802,Henry Van T. Cotter,2021,4,12,35.87265833,-79.07047222,yes,,,,,,,
14301362,iNat,111217972,Michael Campbell,2022,4,12,35.71867773,-83.40784865,yes,,,,,,,
12233364,iNat,111258050,Tim Emhoff,2022,4,12,38.47094444,-76.88123333,yes,,,,,,,
12233896,iNat,111332639,William Poindexter,2022,4,12,38.81884724,-86.50177818,yes,,,,,,,
13535494,iNat,154588374,Joe Breznicky,2023,4,12,39.80892263,-75.5563933,yes,,,,,,,
14225589,iNat,154645789,Kevin Popowich,2023,4,12,39.81068964,-75.27604784,yes,,,,,,,
14058267,iNat,165418737,Armin Weise,2023,4,12,35.30731499,-82.31761774,yes,,,,,,,
13769401,iNat,206802868,jmshow445,2024,4,12,39.66000845,-77.46740666,yes,,,,,,,
13655616,iNat,206871963,justind88,2024,4,12,41.27600154,-89.16566098,yes,,,,,,,
13718539,iNat,206889206,Charles Andrews,2024,4,12,37.05974594,-87.68136889,yes,,,,,,,
13718540,iNat,206926184,joeyjojoshabadoo,2024,4,12,37.27775264,-86.24371865,yes,,,,,,,
13715207,iNat,154952618,Michelle Weaver,2023,4,13,36.68279541,-88.28109586,maybe,,,,,,,
14057314,iNat,154718195,bkmccormick,2023,4,13,36.20973826,-80.43150592,no,,,,,,,
14313730,iNat,207042359,Tennessee RiverLine,2024,4,13,36.20479827,-82.69028442,no,,,,,,,
13754627,iNat,111346857,Samuel Eckert,2022,4,13,38.81713247,-76.5785883,yes,,,,,,,
14353071,iNat,111358821,Anne Parker,2022,4,13,37.70574675,-76.44332231,yes,,,,,,,
14301375,iNat,111375852,Hayden Johnson,2022,4,13,35.1478894,-89.98454098,yes,,,,,,,
14362216,iNat,157847392,Adam Boring,2023,4,13,36.64371249,-82.97577292,yes,,,,,,,
14313719,iNat,206946828,blairchr,2024,4,13,35.98681944,-83.922175,yes,,,,,,,
14313723,iNat,206963217,blairchr,2024,4,13,35.98659444,-83.92229167,yes,,,,,,,
13655630,iNat,207007452,bgrimmer,2024,4,13,37.33841845,-88.93084089,yes,,,,,,,
13655635,iNat,207060670,justind88,2024,4,13,41.39083687,-89.0950681,yes,,,,,,,
13694577,iNat,207061126,Cassie,2024,4,13,38.7303397,-86.4098648,yes,,,,,,,
14250345,iNat,207065476,simplykev,2024,4,13,40.08095324,-74.91192387,yes,,,,,,,
13718549,iNat,207090819,Jason Butler,2024,4,13,37.61397896,-86.7486562,yes,,,,,,,
14250373,iNat,207165804,Dawn Wehman,2024,4,13,40.91826271,-80.28004356,yes,,,,,,,
12536614,iNat,42742228,John W Eagleton,2020,4,14,37.52679164,-77.49281013,maybe,,,,,,,
12234703,iNat,111461152,kristyna42,2022,4,14,34.988155,-80.82621667,maybe,,,,,,,
14250390,iNat,207198076,Becka Jean Marsh,2024,4,14,40.26967175,-79.69993272,maybe,,,,,,,
14371680,iNat,207293953,Amelio Little,2024,4,14,38.01924237,-78.42030353,maybe,,,,,,,
13718559,iNat,207297066,Jason Butler,2024,4,14,37.93373807,-86.01568297,maybe,,,,,,,
14472040,iNat,208930145,Cassidy,2024,4,14,40.21354167,-80.55715833,maybe,,,,,,,
13591349,iNat,120052566,jamisonlove9,2022,4,14,34.19789904,-85.33697323,no,,,,,,,
14193066,iNat,42195682,Bethany Teigen,2020,4,14,39.84141369,-75.5594329,yes,,,,,,,
12234800,iNat,111476575,Fenner Morse,2022,4,14,38.46012081,-82.62622871,yes,,,,,,,
12234864,iNat,111486330,aepeterson,2022,4,14,35.68371321,-83.5380421,yes,,,,,,,
14307214,iNat,154867505,theforbiddennewt,2023,4,14,36.36583402,-83.76123705,yes,,,,,,,
13655654,iNat,207197176,Brett Laabs,2024,4,14,42.2200204,-88.2709057,yes,,,,,,,
14250399,iNat,207226236,Joy LeViere,2024,4,14,40.43383893,-79.90753135,yes,,,,,,,
14316815,iNat,245499478,ljfilgas,2024,4,14,35.60582167,-83.74486667,yes,,,,,,,
12235198,iNat,111538581,sckdlk,2022,4,15,36.08512782,-79.52826181,maybe,,,,,,,
13535496,iNat,154964105,Sally OByrne,2023,4,15,39.7694354,-75.56915808,maybe,,,,,,,
14361851,iNat,155076841,Jackson Crawford,2023,4,15,37.175495,-79.93091667,maybe,,,,,,,
13599823,iNat,155065927,Wes Hatch,2023,4,15,34.85417147,-84.64821831,no,,,,,,,
12532594,iNat,42242554,amlambert11,2020,4,15,38.58913833,-92.23117833,yes,,,,,,,
13715213,iNat,154981453,onehunterman,2023,4,15,37.1784152,-87.9810685,yes,,,,,,,
13687569,iNat,155904060,Crystal Birt,2023,4,15,38.47552584,-85.87277904,yes,,,,,,,
13903953,iNat,159783956,Raney Yelenich,2023,4,15,38.10351667,-93.564255,yes,,,,,,,
14118605,iNat,192226148,Cindy MC wildlydistracted,2022,4,15,39.39776027,-82.88603913,yes,,,,,,,
14471346,iNat,196352791,Drew Palmer,2022,4,15,38.31590912,-81.76616147,yes,,,,,,,
14068243,iNat,200437227,biologyben,2023,4,15,36.22116559,-81.77868001,yes,,,,,,,
14250466,iNat,207492004,dakotakaiser,2024,4,15,40.58921935,-80.18995404,yes,,,,,,,
14471899,iNat,207511064,Theo O'Connell III,2024,4,15,39.21549497,-80.34525085,yes,,,,,,,
12873287,iNat,74153962,John Abrams,2021,4,16,37.54082,-84.29033333,yes,,,,,,,
12873459,iNat,74183992,sboyajian,2021,4,16,40.87186667,-73.92545833,yes,,,,,,,
14301389,iNat,111693471,gmneocshtaincic,2022,4,16,36.3431702,-86.47008186,yes,,,,,,,
14208657,iNat,111725083,Bethany Teigen,2022,4,16,39.94508,-75.43496667,yes,,,,,,,
13899506,iNat,113272783,socialoutdoorsman,2022,4,16,38.44461502,-91.61554134,yes,,,,,,,
13949659,iNat,155177827,Aleksandr Berdnikov,2023,4,16,40.32788288,-74.6699689,yes,,,,,,,
13687445,iNat,155185915,noah kearns,2023,4,16,38.70581705,-86.62955797,yes,,,,,,,
14001462,iNat,155381828,tombigelow,2023,4,16,40.8697479,-73.92709415,yes,,,,,,,
13903956,iNat,159975264,Kerri McCabe,2023,4,16,38.1021805,-93.559355,yes,,,,,,,
14118744,iNat,192377080,Cindy MC wildlydistracted,2017,4,16,39.32977777,-82.85036912,yes,,,,,,,
14250505,iNat,207620836,Theresa Colecchia,2024,4,16,40.54546354,-79.90660323,yes,,,,,,,
14250517,iNat,207637361,Jared White,2024,4,16,40.07048055,-80.13356239,yes,,,,,,,
13694610,iNat,207658655,Kevin Young,2024,4,16,39.85485074,-86.09651512,yes,,,,,,,
13611195,iNat,207909451,Calvin Walford,2024,4,16,33.83104423,-83.83678324,yes,,,,,,,
12237272,iNat,111804803,patiogarden,2022,4,17,36.6474602,-79.83160508,maybe,,,,,,,
14307379,iNat,156514450,Justin Shick,2023,4,17,35.7630202,-83.2706163,maybe,,,,,,,
6933298,iNaturalist,9569249,Steven Wilson,2016,4,17,39.325728,-78.438005,n/a,,,,,,,
12874208,iNaturalist,74278894,tholtsclaw,2021,4,17,38.27719442,-90.38117665,n/a,,,,,,,
13748235,iNat,42442164,G. Underhill,2020,4,17,39.15414353,-77.25041853,yes,,,,,,,
12873945,iNat,74246708,Matt Cohen and Elizabeth Hargrave,2021,4,17,38.89920224,-76.90023763,yes,,,,,,,
12873956,iNat,74248148,Matt Cohen and Elizabeth Hargrave,2021,4,17,38.81945694,-76.84457593,yes,,,,,,,
14349396,iNat,74302395,Jiang Chao,2021,4,17,38.71424304,-77.09042851,yes,,,,,,,
12874488,iNat,74326005,Robert Bosiljevac,2021,4,17,40.53281763,-79.7821784,yes,,,,,,,
14353094,iNat,111883178,Jiang Chao,2022,4,17,38.70608145,-77.0845564,yes,,,,,,,
14225780,iNat,155367102,kfryberger,2023,4,17,40.0215014,-75.4176481,yes,,,,,,,
14307281,iNat,155456677,Tim Massey,2023,4,17,35.62503872,-83.53987746,yes,,,,,,,
14239230,iNat,183122643,Connor McInerney,2021,4,17,39.99524444,-75.34375556,yes,,,,,,,
13914996,iNat,261222100,lydiagunn,2023,4,17,38.78286167,-91.78510333,yes,,,,,,,
8000245,MUOB,MUOB 65690,Patrick Harvey,2011,4,17,39.1713,-86.5319,yes,,,,,,,
12875009,iNat,74392601,nitzberge,2021,4,18,40.32591408,-80.00593779,maybe,,,,,,,
14353731,iNat,119442108,Adam Boring,2022,4,18,36.90023468,-82.90476867,maybe,,,,,,,
14353732,iNat,119443486,Adam Boring,2022,4,18,36.87864751,-82.82622807,maybe,,,,,,,
14353735,iNat,119443863,Adam Boring,2022,4,18,36.8152741,-82.85346506,maybe,,,,,,,
4530559,iNat,67816,Fluff Berger,2012,4,18,40.6384,-80.185109,yes,,,,,,,
12534666,iNat,42512079,Sam Bucciarelli,2020,4,18,39.80493218,-75.4896763,yes,,,,,,,
13710154,iNat,44050703,Chloe Smith,2020,4,18,37.79947975,-83.41578582,yes,,,,,,,
13638834,iNat,74391695,Anna Thompson,2021,4,18,37.4015344,-88.67037434,yes,,,,,,,
12875203,iNat,74426216,riggs727,2021,4,18,36.49932167,-80.87661167,yes,,,,,,,
12875440,iNat,74462394,Luke Smithson,2021,4,18,40.15072528,-75.11970853,yes,,,,,,,
12875449,iNat,74463363,ksled,2021,4,18,38.303755,-77.59958667,yes,,,,,,,
13687499,iNat,155534352,Sean Verkamp,2023,4,18,38.348945,-86.794495,yes,,,,,,,
13715255,iNat,155548476,Tara Rose Littlefield,2023,4,18,38.17622734,-85.14989252,yes,,,,,,,
13687513,iNat,155568117,Savannah Hoskinson,2023,4,18,37.98552,-87.50260297,yes,,,,,,,
14250912,iNat,209141166,dakotakaiser,2024,4,18,40.42432757,-80.05984307,yes,,,,,,,
8018330,MUOB,MUOB 92991,Ann B.,2012,4,18,40.5903,-80.2227,yes,,,,,,,
12742937,iNat,63980254,Stephen Russell,2020,4,19,38.6744747,-86.1751759,maybe,,,,,,,
12239205,iNat,112062022,JoAnn Kalb,2022,4,19,39.05548853,-76.60676522,maybe,,,,,,,
12239579,iNat,112113795,dbond,2022,4,19,36.06289702,-82.71281571,maybe,,,,,,,
13715264,iNat,155673786,caleb925,2023,4,19,37.78873437,-87.03509429,maybe,,,,,,,
14344842,iNat,42645664,Mark Richman,2020,4,19,39.01138197,-77.25347397,yes,,,,,,,
12876087,iNat,74554546,Annie Weissman,2021,4,19,39.06055808,-77.03731702,yes,,,,,,,
14301498,iNat,112099115,Chrissy Guthrie Lay,2022,4,19,36.57612441,-82.35043701,yes,,,,,,,
12239572,iNat,112112494,tca12345,2022,4,19,38.31844971,-77.55770766,yes,,,,,,,
13755443,iNat,121144776,Isaiah Bednash,2022,4,19,38.68782046,-76.82077355,yes,,,,,,,
14225884,iNat,155891393,Robert Bosiljevac,2023,4,19,40.57023868,-79.90882366,yes,,,,,,,
13647354,iNat,156667273,paulswitzer,2023,4,19,39.50478333,-88.08315283,yes,,,,,,,
14250660,iNat,208251248,dakotakaiser,2024,4,19,40.58098326,-79.83852117,yes,,,,,,,
14250661,iNat,208251305,dakotakaiser,2024,4,19,40.57843444,-79.83373418,yes,,,,,,,
14250662,iNat,208251387,dakotakaiser,2024,4,19,40.54841702,-79.84425669,yes,,,,,,,
14250663,iNat,208251635,dakotakaiser,2024,4,19,40.40738701,-79.95668378,yes,,,,,,,
13775620,iNat,262476277,farragutroad,2024,4,19,39.51698685,-77.45341492,yes,,,,,,,
8041817,MUOB,MUOB 132255,Dave W,2013,4,19,39.8949,-77.213,yes,,,,,,,
7976921,MUOB,MUOB 20646,Patrick Harvey,2009,4,19,38.0851,-90.6919,yes,,,,,,,
13687568,iNat,155891133,bcfromindy,2023,4,20,39.65877038,-86.34389338,maybe,,,,,,,
8041757,MUOB,MUOB 132167,I. G. Safonov,2013,4,20,39.9515,-74.9959,maybe,,,,,,,
13769520,iNat,208398831,RD,2024,4,20,39.17517493,-76.87983681,no,,,,,,,
14085863,iNat,23046327,JD,2019,4,20,39.69485001,-83.97008637,yes,,,,,,,
13747143,iNat,25353699,Yes We Cannibal,2019,4,20,39.17147955,-76.65564493,yes,,,,,,,
14201904,iNat,84708292,arizade,2021,4,20,40.3386,-80.11194444,yes,,,,,,,
13712249,iNat,112185638,hettingr,2022,4,20,37.90067,-85.68425833,yes,,,,,,,
12240414,iNat,112225628,pmomich,2022,4,20,35.98091735,-82.77038352,yes,,,,,,,
14106240,iNat,155796931,panosse,2023,4,20,39.9119873,-82.80873108,yes,,,,,,,
14057437,iNat,155806135,hemmerskidmoresh,2023,4,20,36.21282971,-81.6895145,yes,,,,,,,
14057439,iNat,155816205,hemmerskidmoresh,2023,4,20,36.21275306,-81.6897269,yes,,,,,,,
14241481,iNat,186251678,Dan Stockman II,2023,4,20,40.23413933,-79.47038837,yes,,,,,,,
14472007,iNat,208409435,Armin Weise,2024,4,20,37.49476212,-80.66749699,yes,,,,,,,
12877711,iNat,74802227,Kelly Maggio,2021,4,21,38.51568259,-77.38406561,no,,,,,,,
12877712,iNat,74802423,Kelly Maggio,2021,4,21,38.51580667,-77.38415245,no,,,,,,,
12877713,iNat,74802645,Kelly Maggio,2021,4,21,38.51563904,-77.38408238,no,,,,,,,
12877715,iNat,74802756,Kelly Maggio,2021,4,21,38.51557975,-77.38384835,no,,,,,,,
12877717,iNat,74802968,Kelly Maggio,2021,4,21,38.51562907,-77.38404382,no,,,,,,,
12877718,iNat,74803038,Kelly Maggio,2021,4,21,38.51553358,-77.38391273,no,,,,,,,
12877719,iNat,74803101,Kelly Maggio,2021,4,21,38.51572797,-77.38392714,no,,,,,,,
12335683,iNat,22896621,Mitch,2019,4,21,38.67303613,-76.6030968,yes,,,,,,,
13683675,iNat,143822127,Stephen Russell,2017,4,21,39.83619,-86.1751759,yes,,,,,,,
14001530,iNat,155921431,Charlotte Brennan,2023,4,21,40.87409167,-73.57419667,yes,,,,,,,
13715282,iNat,155975210,Tina Marie Camp Scheff,2023,4,21,37.35235992,-84.2487501,yes,,,,,,,
13687601,iNat,155978251,lizzardgizzard,2023,4,21,39.6501364,-86.35847715,yes,,,,,,,
14106299,iNat,156113927,Happi Hyphae,2023,4,21,40.27200884,-81.85957577,yes,,,,,,,
14106303,iNat,156115225,Happi Hyphae,2023,4,21,40.27200884,-81.85957577,yes,,,,,,,
14250818,iNat,208633709,Jared White,2024,4,21,40.19225278,-80.03650278,yes,,,,,,,
8130603,MUOB,MUOB 274720,Dave W,2017,4,21,41.1646,-75.9602,yes,,,,,,,
14092270,iNat,76223078,shroomydan,2009,4,22,39.3529,-82.0394,maybe,,,,,,,
12243656,iNat,112698238,tnpeach,2022,4,22,36.591655,-82.47428,maybe,,,,,,,
14057463,iNat,156109872,rykela,2023,4,22,36.25075278,-81.41179444,maybe,,,,,,,
13687668,iNat,156496598,Michael Burdsall,2023,4,22,38.5560435,-87.262945,maybe,,,,,,,
14362263,iNat,158072050,Adam Boring,2023,4,22,36.97135169,-82.96830632,maybe,,,,,,,
4903038,PUL,PUL00033960,"Russell, Stephen D",2017,4,22,40.558354,-85.665935,n/a,,,,,,,
13748253,iNat,42888128,Jorge Arturo Bogantes Montero,2020,4,22,39.13928615,-76.80619874,yes,,,,,,,
12243758,iNat,112710981,joshyates1993,2022,4,22,38.5294629,-83.1473714,yes,,,,,,,
12244421,iNat,112797290,grinnin,2022,4,22,36.39277417,-79.70875044,yes,,,,,,,
13534959,iNat,129443705,Allison Autry,2020,4,22,39.72496667,-75.75261667,yes,,,,,,,
8042033,MUOB,MUOB 132568,Richard Kneal,2013,4,22,35.6315,-83.5552,yes,,,,,,,
7976864,MUOB,MUOB 20558,Dan Molter,2009,4,22,39.3529,-82.0394,yes,,,,,,,
8018477,MUOB,MUOB 93181,Dave W,2012,4,22,40.793,-77.8594,yes,,,,,,,
14362007,iNat,156307690,cbirds22,2023,4,23,38.06950112,-79.32097994,maybe,,,,,,,
12879007,iNat,75007506,Kelly Maggio,2021,4,23,38.51744439,-77.38470934,no,,,,,,,
12879009,iNat,75007575,Kelly Maggio,2021,4,23,38.51619964,-77.38393452,no,,,,,,,
12879010,iNat,75007656,Kelly Maggio,2021,4,23,38.51560022,-77.38348927,no,,,,,,,
12879011,iNat,75007761,Kelly Maggio,2021,4,23,38.51580562,-77.38443676,no,,,,,,,
12879012,iNat,75007931,Kelly Maggio,2021,4,23,38.51613878,-77.38386109,no,,,,,,,
12879013,iNat,75008025,Kelly Maggio,2021,4,23,38.51556742,-77.38353051,no,,,,,,,
14047641,iNat,112541845,Joseph Kinnett,2022,4,23,35.8179182,-79.1513129,no,,,,,,,
14361993,iNat,156264119,Annie Weissman,2023,4,23,39.05367217,-77.33354167,no,,,,,,,
4574932,iNat,5973576,Fluff Berger,2017,4,23,40.6237434,-80.1136994,yes,,,,,,,
14343376,iNat,27752801,Jules Amanita,2019,4,23,37.99180173,-78.00137841,yes,,,,,,,
12549868,iNat,44696207,nissajordan,2020,4,23,40.54361667,-75.50913833,yes,,,,,,,
13682270,iNat,142839417,Stephen Russell,2016,4,23,39.3258509,-86.4199211,yes,,,,,,,
13715324,iNat,156316313,joeyjojoshabadoo,2023,4,23,39.000096,-84.79188653,yes,,,,,,,
13949776,iNat,156519179,shihongli2016,2023,4,23,40.63816566,-74.82162,yes,,,,,,,
13762780,iNat,158057750,jared_satchell,2023,4,23,38.93497614,-76.1539392,yes,,,,,,,
8107003,MUOB,MUOB 237247,Dave W,2016,4,23,39.8949,-77.213,yes,,,,,,,
8107012,MUOB,MUOB 237256,Judi T.,2016,4,23,39.0066,-90.4921,yes,,,,,,,
12539441,iNat,43163793,Luke Smithson,2020,4,24,40.05567869,-75.13856334,maybe,,,,,,,
12587701,iNat,49892487,Luke Smithson,2020,4,24,40.0581,-75.03655,maybe,,,,,,,
14349477,iNat,75615719,Jiang Chao,2021,4,24,38.64606192,-77.19896656,maybe,,,,,,,
14106378,iNat,156459195,kqmazur,2023,4,24,39.78882066,-83.84284698,maybe,,,,,,,
12243483,iNaturalist,112665937,Landon B.,2022,4,24,38.78450178,-90.61072491,n/a,,,,,,,
4903414,PUL,PUL00036007,"Russell, Stephen D",2016,4,24,39.3667,-86.4167,n/a,,,,,,,
12244299,iNat,112779361,Ruth M.,2022,4,24,37.92824405,-85.4893999,no,,,,,,,
14341544,iNat,12808582,matt-ratcliffe,2017,4,24,39.015885,-77.25437167,yes,,,,,,,
14343088,iNat,23027820,dapperdahse,2019,4,24,38.83085333,-77.13356117,yes,,,,,,,
12539168,iNat,43124174,djschim,2020,4,24,40.03443702,-75.26897483,yes,,,,,,,
13665978,iNat,43329579,samiam29,2020,4,24,39.1851445,-86.4996546,yes,,,,,,,
12879839,iNat,75114530,Izabella Farr,2021,4,24,39.05325833,-77.03675,yes,,,,,,,
12887303,iNat,76341728,Brian Hunt,2021,4,24,39.24936334,-86.16802167,yes,,,,,,,
13712283,iNat,112684056,Nick Tobler (Cowturtle),2022,4,24,37.78628833,-87.036025,yes,,,,,,,
12244002,iNat,112738390,Samuel S,2022,4,24,39.8638567,-83.22457996,yes,,,,,,,
14047656,iNat,112783052,Christian Cline,2022,4,24,36.34474922,-81.73686069,yes,,,,,,,
14106393,iNat,156567448,el_nutcase,2023,4,24,41.39063365,-82.829482,yes,,,,,,,
14226061,iNat,156660812,Luke Smithson,2023,4,24,40.58532151,-75.21567899,yes,,,,,,,
13895602,iNat,44195543,scberendzen,2020,4,25,37.15798595,-91.36393198,maybe,,,,,,,
13647524,iNat,157829764,cpar,2023,4,25,37.51716547,-88.65848861,maybe,,,,,,,
9633280,NY,3817687,B. Bomanz,2005,4,25,38.526,-90.561,n/a,,,,,,,
8029688,MUOB,MUOB 110243,Missouri Mycological Society Herbarium,2004,4,25,38.5208,-90.5723,no,,,,,,,
12500235,iNat,38947629,John Plischke,2019,4,25,40.35545,-79.6254,yes,,,,,,,
14193316,iNat,43507086,Bethany Teigen,2020,4,25,39.95324667,-75.44287833,yes,,,,,,,
12541501,iNat,43508002,Lauren Hallden,2020,4,25,39.84951131,-75.42486696,yes,,,,,,,
12541687,iNat,43530793,Sam Bucciarelli,2020,4,25,39.95288244,-75.47528628,yes,,,,,,,
12551933,iNat,44966957,jennierachel,2020,4,25,39.86327833,-75.78557,yes,,,,,,,
12564287,iNat,46576610,timtomahawk,2020,4,25,40.12290062,-75.06970477,yes,,,,,,,
14200445,iNat,75244848,George Pushkal,2021,4,25,39.98143047,-75.25796764,yes,,,,,,,
12881357,iNat,75325276,cordara,2021,4,25,40.87225107,-73.92714511,yes,,,,,,,
8130719,MUOB,MUOB 274899,Ryan Patrick,2017,4,25,39.4246,-76.466,yes,,,,,,,
14349470,iNat,75424921,comfreyclown,2021,4,26,37.36552705,-80.70040448,maybe,,,,,,,
12881814,iNat,75393583,Kelly Maggio,2021,4,26,38.51716449,-77.38453332,no,,,,,,,
12881821,iNat,75394164,Kelly Maggio,2021,4,26,38.51663669,-77.38346212,no,,,,,,,
12881823,iNat,75394339,Kelly Maggio,2021,4,26,38.51601864,-77.38374408,no,,,,,,,
12881824,iNat,75394434,Kelly Maggio,2021,4,26,38.51620227,-77.38391943,no,,,,,,,
12881825,iNat,75394600,Kelly Maggio,2021,4,26,38.51595646,-77.38391474,no,,,,,,,
12881826,iNat,75394842,Kelly Maggio,2021,4,26,38.5165252,-77.38448538,no,,,,,,,
12881827,iNat,75395004,Kelly Maggio,2021,4,26,38.51635888,-77.38333236,no,,,,,,,
12881829,iNat,75395229,Kelly Maggio,2021,4,26,38.51618495,-77.38502216,no,,,,,,,
12881831,iNat,75395358,Kelly Maggio,2021,4,26,38.51616371,-77.38285292,no,,,,,,,
12881832,iNat,75395435,Kelly Maggio,2021,4,26,38.51538405,-77.38359455,no,,,,,,,
12881833,iNat,75395479,Kelly Maggio,2021,4,26,38.51563563,-77.38423258,no,,,,,,,
12881836,iNat,75395565,Kelly Maggio,2021,4,26,38.5156393,-77.38279894,no,,,,,,,
12881838,iNat,75395751,Kelly Maggio,2021,4,26,38.51542918,-77.38295954,no,,,,,,,
12881840,iNat,75395833,Kelly Maggio,2021,4,26,38.51543521,-77.3827805,no,,,,,,,
14193369,iNat,43741106,Lucy Klimko,2020,4,26,40.16920621,-80.21616224,yes,,,,,,,
12881661,iNat,75373072,Robert Bosiljevac,2021,4,26,40.53281763,-79.78219986,yes,,,,,,,
12222252,iNat,109771788,Brian Hunt,2015,4,26,39.24945808,-86.16908811,yes,,,,,,,
12222254,iNat,109771792,Brian Hunt,2015,4,26,39.24937915,-86.16782211,yes,,,,,,,
12222255,iNat,109771794,Brian Hunt,2015,4,26,39.24937915,-86.1678057,yes,,,,,,,
14058014,iNat,163179952,Alyssa Landa,2023,4,26,35.09477217,-83.517075,yes,,,,,,,
14251083,iNat,209907366,Sam Bucciarelli,2024,4,26,39.9562419,-75.3416404,yes,,,,,,,
14257389,iNat,226934594,clintonbolduc,2023,4,26,40.08204264,-76.93742839,yes,,,,,,,
6966817,iNat,13660210,Jim,2018,4,27,35.59426,-83.841848,maybe,,,,,,,
12338679,iNat,23426161,sheilaneupauer,2019,4,27,40.20050703,-81.30834452,maybe,,,,,,,
12338703,iNat,23431835,Mitch,2019,4,27,39.05425353,-77.03661201,maybe,,,,,,,
14189691,iNat,23534914,Bethany Teigen,2019,4,27,40.04552783,-75.215705,maybe,,,,,,,
12544061,iNat,43935687,kfryberger,2020,4,27,40.02195318,-75.4176365,maybe,,,,,,,
12545258,iNat,44111307,yakfur,2013,4,27,38.9612683,-77.1989752,maybe,,,,,,,
12555776,iNat,45451738,John Plischke,2020,4,27,40.31395,-79.54855,maybe,,,,,,,
8107100,MUOB,MUOB 237439,Dave W,2016,4,27,41.1646,-75.9602,maybe,,,,,,,
12339698,iNat,23638206,zarney,2019,4,27,39.02073552,-77.07292912,no,,,,,,,
12246498,iNat,113119394,Jason Fisher,2022,4,27,39.91800929,-75.35962559,no,,,,,,,
14251348,iNat,210628244,Dan Stockman II,2024,4,27,40.61084223,-80.01740143,no,,,,,,,
13746975,iNat,23441421,agnesd,2019,4,27,39.05526498,-77.03482852,yes,,,,,,,
14343121,iNat,23508638,coexistwithbeavers,2019,4,27,38.78231167,-77.807655,yes,,,,,,,
14189797,iNat,24134992,Cara Coulter,2019,4,27,40.75785025,-79.70074267,yes,,,,,,,
13778306,iNat,25181656,molliemay,2019,4,27,42.1944942,-71.55312682,yes,,,,,,,
14088187,iNat,43989915,Jamey Graham Emmert,2020,4,27,41.00238932,-81.51994129,yes,,,,,,,
14241482,iNat,186251895,Dan Stockman II,2023,4,27,40.23413933,-79.47038837,yes,,,,,,,
14251167,iNat,210166081,Giavanna Gast,2024,4,27,40.59745858,-75.3770769,yes,,,,,,,
14251218,iNat,210387102,Harry Russell,2024,4,27,40.05363626,-75.25083248,yes,,,,,,,
13939561,iNat,49906248,mebro,2020,4,28,40.10675,-74.63685,maybe,,,,,,,
13647430,iNat,157204020,Michael R Ostrowski,2023,4,28,41.36658754,-88.28817053,maybe,,,,,,,
14057798,iNat,160675564,,2023,4,28,35.18565688,-82.9566462,maybe,,,,,,,
14243521,iNat,188311344,D,2019,4,28,40.05598477,-75.74505536,maybe,,,,,,,
12340147,iNat,23746184,Luke Smithson,2019,4,28,40.13317186,-75.05456222,no,,,,,,,
12340417,iNat,23798435,Laura Breeden,2019,4,28,38.85215629,-77.27702272,no,,,,,,,
12247687,iNat,113296748,Steven IGAS Landseadel,2022,4,28,35.19312297,-82.420422,no,,,,,,,
13715367,iNat,157240646,Ruth M.,2023,4,28,38.08740704,-85.75392198,no,,,,,,,
12301108,iNat,16296711,tombigelow,2013,4,28,40.33266659,-74.67636819,yes,,,,,,,
14088193,iNat,44134297,Tom,2020,4,28,41.11818947,-81.53189128,yes,,,,,,,
12545894,iNat,44184373,Robert Bosiljevac,2020,4,28,40.53285025,-79.78219986,yes,,,,,,,
13147120,iNat,102334396,rumblintummy,2021,4,28,40.0115305,-75.57943828,yes,,,,,,,
13147121,iNat,102334397,rumblintummy,2021,4,28,40.07628906,-75.58337466,yes,,,,,,,
13147122,iNat,102334398,rumblintummy,2021,4,28,40.1099336,-75.45315828,yes,,,,,,,
13147123,iNat,102334399,rumblintummy,2021,4,28,40.16675418,-75.5375534,yes,,,,,,,
13147124,iNat,102334401,rumblintummy,2021,4,28,40.02293648,-75.5718061,yes,,,,,,,
14207588,iNat,102334402,rumblintummy,2021,4,28,40.05403844,-75.47556746,yes,,,,,,,
13147125,iNat,102334403,rumblintummy,2021,4,28,40.1179975,-75.44737944,yes,,,,,,,
13147126,iNat,102334404,rumblintummy,2021,4,28,40.09961839,-75.41231616,yes,,,,,,,
14208830,iNat,113281458,rowanny,2022,4,28,39.8281856,-75.78444837,yes,,,,,,,
12247714,iNat,113304914,Robert Bosiljevac,2022,4,28,40.5282837,-79.94906545,yes,,,,,,,
13998547,iNat,145851921,morisaur,2020,4,28,40.6619915,-73.96889721,yes,,,,,,,
13687757,iNat,157363092,brittswinford,2023,4,28,39.85035854,-86.16228568,yes,,,,,,,
14362613,iNat,160012073,renaetaylor,2023,4,28,36.91860333,-80.45298,yes,,,,,,,
14472124,iNat,210780124,Steven Wilson,2024,4,28,39.46972654,-79.79952626,yes,,,,,,,
13647545,iNat,157879007,Angela Knispel,2023,4,29,41.20802359,-88.01324654,maybe,,,,,,,
8107178,MUOB,MUOB 237579,SMoubray,2016,4,29,38.7115,-77.8309,maybe,,,,,,,
12329414,iNat,21988546,Ashley M Bradford,2017,4,29,39.61652833,-76.169595,no,,,,,,,
14251729,iNat,212297350,Robert Bosiljevac,2024,4,29,40.61663128,-80.02072878,no,,,,,,,
14340928,iNat,3059256,Jacob Malcom,2016,4,29,39.02339995,-78.00994886,yes,,,,,,,
12341534,iNat,24089231,Brian Hunt,2019,4,29,39.37952017,-86.01529819,yes,,,,,,,
14226289,iNat,157632860,Bingxin Liu,2023,4,29,40.60837737,-75.37867286,yes,,,,,,,
14106623,iNat,158336044,Brooke Medlin,2023,4,29,39.9745615,-84.34599601,yes,,,,,,,
14106624,iNat,158336163,Brooke Medlin,2023,4,29,39.82362402,-84.31494726,yes,,,,,,,
14227229,iNat,160156297,Jess Sell,2023,4,29,40.4283023,-80.17166275,yes,,,,,,,
8086700,MUOB,MUOB 203597,Dave W,2015,4,29,41.1646,-75.9602,yes,,,,,,,
8186253,MUOB,MUOB 365345,Dave W,2019,4,29,41.1646,-75.9602,yes,,,,,,,
12548173,iNat,44472645,Kyle Selcer,2020,4,30,40.42364911,-79.68090836,maybe,,,,,,,
14200649,iNat,76521833,jsfox,2021,4,30,40.41976667,-79.88821333,maybe,,,,,,,
14306410,iNat,148035619,sycamoreshoals,2022,4,30,36.342817,-82.253695,maybe,,,,,,,
13647556,iNat,158070545,Karen,2023,4,30,37.60210514,-89.24366299,maybe,,,,,,,
14226564,iNat,158186098,Matt Parr,2023,4,30,40.03560167,-75.20329167,maybe,,,,,,,
14226690,iNat,158506278,Cara Coulter,2023,4,30,40.6944945,-79.62459524,maybe,,,,,,,
8107212,MUOB,MUOB 237643,Dave W,2016,4,30,41.1646,-75.9602,maybe,,,,,,,
8131178,MUOB,MUOB 275689,Dave W,2017,4,30,40.9722,-77.7603,maybe,,,,,,,
8187078,MUOB,MUOB 366734,DracoMalfoy,2019,4,30,38.8567,-77.1713,maybe,,,,,,,
12250076,iNaturalist,113872165,deniseb108,2022,4,30,38.9617967,-77.0317984,n/a,,,,,,,
12250091,iNaturalist,113875391,deniseb108,2022,4,30,38.9617967,-77.0317984,n/a,,,,,,,
12250099,iNaturalist,113877007,deniseb108,2022,4,30,38.95694561,-77.04452389,n/a,,,,,,,
12255060,iNaturalist,114882719,Mitch,2022,4,30,38.95706667,-77.0445555,n/a,,,,,,,
12250171,iNat,113893192,Carol Mullen,2022,4,30,38.85929619,-77.04661876,no,,,,,,,
6920241,iNat,8764285,Jake Young,2017,4,30,41.25605,-81.5679,yes,,,,,,,
13664506,iNat,25665105,Johnny,2019,4,30,40.70273802,-85.93528056,yes,,,,,,,
13715423,iNat,158166305,Margaret,2023,4,30,38.1318615,-85.8264457,yes,,,,,,,
14226655,iNat,158399474,Jason Simons,2023,4,30,40.31867717,-79.45539126,yes,,,,,,,
14106655,iNat,158608784,Gavin,2023,4,30,39.49364324,-82.00729776,yes,,,,,,,
13715460,iNat,158718652,Mary W. Yandell,2023,4,30,38.15341015,-85.80049449,yes,,,,,,,
14226968,iNat,159355571,Jeremy Schwed,2022,4,30,39.85569566,-75.35844398,yes,,,,,,,
8042154,MUOB,MUOB 132735,Rocky Houghtby,2013,4,30,35.9477,-83.1066,yes,,,,,,,
8141938,MUOB,MUOB 292404,Jake Young,2017,4,30,41.2623,-81.5694,yes,,,,,,,
12886483,iNat,76181533,Tim Emhoff,2021,5,1,38.47096944,-76.88104722,maybe,,,,,,,
14097320,iNat,115847783,Gregg Below-Fi,1998,5,1,40.36418832,-82.91693082,maybe,,,,,,,
13647760,iNat,159888860,Mclintoc,2023,5,1,38.49052805,-89.10728646,maybe,,,,,,,
14121655,iNat,212925473,Summit Metro Parks,2024,5,1,41.02656324,-81.45721713,maybe,,,,,,,
12887668,iNat,76406323,izabela24,2021,5,1,39.9844798,-75.21370622,yes,,,,,,,
12887710,iNat,76409142,izabela24,2021,5,1,39.9856786,-75.21496327,yes,,,,,,,
12889156,iNat,76656667,Cara Coulter,2021,5,1,40.57727643,-80.2986438,yes,,,,,,,
12252151,iNat,114288385,Mycoprof,2022,5,1,38.85516667,-78.16725278,yes,,,,,,,
12252376,iNat,114335840,jjoyjames,2022,5,1,36.61607,-81.71553,yes,,,,,,,
12549439,iNat,44642451,Matt Schultz,2020,5,2,40.96173779,-75.24103807,maybe,,,,,,,
12889261,iNat,76673226,pamnagy,2021,5,2,40.23883986,-80.32785287,maybe,,,,,,,
12893247,iNat,77388748,Fluff Berger,2021,5,2,40.6237434,-80.1136994,maybe,,,,,,,
6889993,iNat,665042,Christopher Tracey,2014,5,2,40.31037472,-79.840635,yes,,,,,,,
12343325,iNat,24383768,Joe Malmisur,2019,5,2,41.16801071,-81.56134033,yes,,,,,,,
12353735,iNat,25665755,Johnny,2019,5,2,41.11515594,-85.29295126,yes,,,,,,,
12550160,iNat,44742367,TroutFly,2020,5,2,40.48815951,-79.64088725,yes,,,,,,,
13668896,iNat,76950969,Esteban M. Coria,2021,5,2,41.30799435,-85.90203091,yes,,,,,,,
14227030,iNat,159551252,Robert Bosiljevac,2023,5,2,40.57044298,-79.90848966,yes,,,,,,,
8131035,MUOB,MUOB 275449,FlyingSpaceKittens,2017,5,2,41.0302,-75.2066,yes,,,,,,,
14193613,iNat,44797466,Em Ecurb,2020,5,3,40.06273231,-75.68159547,maybe,,,,,,,
14200894,iNat,78135141,George Pushkal,2021,5,3,39.87907943,-75.33686148,maybe,,,,,,,
12256556,iNat,115202791,Annie Weissman,2022,5,3,38.81283095,-77.18116062,maybe,,,,,,,
14209056,iNat,115258036,blaise,2022,5,3,40.76317661,-77.94872854,maybe,,,,,,,
14261227,iNat,235183524,Sophia BenJeddi,2020,5,3,40.49462458,-78.23750321,maybe,,,,,,,
8107321,MUOB,MUOB 237813,AJ,2016,5,3,42.0858,-80.1164,maybe,,,,,,,
8131060,MUOB,MUOB 275489,Penny Firth,2017,5,3,38.53,-78.15,maybe,,,,,,,
11193693,F,C0326214F,M. Kuo,2004,5,3,39.55,-88.2333,n/a,,,,,,,
12550706,iNat,44814777,Fluff Berger,2020,5,3,40.6508973,-80.1763467,yes,,,,,,,
12551986,iNat,44974978,sboyajian,2020,5,3,40.87393659,-73.92160937,yes,,,,,,,
12551988,iNat,44975053,sboyajian,2020,5,3,40.87184,-73.92506333,yes,,,,,,,
12553539,iNat,45183126,Brian Hunt,2020,5,3,39.33120747,-86.10877464,yes,,,,,,,
14209039,iNat,115172611,Robert Bosiljevac,2022,5,3,40.65728286,-79.92978573,yes,,,,,,,
14227027,iNat,159550525,Robert Bosiljevac,2023,5,3,40.66576468,-79.95559538,yes,,,,,,,
8107320,MUOB,MUOB 237812,AJ,2016,5,3,42.0858,-80.1164,yes,,,,,,,
8018949,MUOB,MUOB 93905,Dave W,2012,5,3,40.8431,-74.9859,yes,,,,,,,
12344628,iNat,24559270,sboyajian,2019,5,4,40.86789368,-73.92860692,yes,,,,,,,
14209083,iNat,115545423,rowanny,2022,5,4,39.82103958,-75.68363019,yes,,,,,,,
14464260,iNat,116404644,mmkimberly,2022,5,4,37.90741667,-81.1334,yes,,,,,,,
14227105,iNat,159744108,Alyssa Landa,2023,5,4,40.14951667,-79.26555,yes,,,,,,,
8156477,MUOB,MUOB 315913,Dave W,2018,5,4,39.5615,-76.2892,yes,,,,,,,
14120535,iNat,202230848,Kennedy Peters,2020,5,5,40.36187,-82.35643833,maybe,,,,,,,
13663243,iNat,12156370,kingopal,2018,5,5,41.01000545,-85.29671197,yes,,,,,,,
14343210,iNat,24722454,yakfur,2014,5,5,38.8522842,-77.190931,yes,,,,,,,
12353742,iNat,25666421,Johnny,2019,5,5,39.8629028,-87.29010438,yes,,,,,,,
12259106,iNat,115632801,aviz,2022,5,5,41.6933798,-86.3800122,yes,,,,,,,
12263924,iNat,116374434,Tomás Curtis,2022,5,5,41.15751445,-81.25464653,yes,,,,,,,
13688024,iNat,159950208,jsteindt,2023,5,5,39.79752167,-84.9609,yes,,,,,,,
13832952,iNat,159973499,Stephen Castiglione,2023,5,5,42.30198333,-83.72905833,yes,,,,,,,
13937519,iNat,12203560,hadasparag,2018,5,6,40.33833313,-74.65777588,maybe,,,,,,,
12259786,iNat,115755665,rowanny,2022,5,6,39.91703595,-75.78563932,maybe,,,,,,,
14106877,iNat,160200822,jglact,2023,5,6,39.37917781,-84.07512664,maybe,,,,,,,
12345811,iNat,24713748,nissajordan,2019,5,6,40.54448333,-75.51353333,yes,,,,,,,
12895151,iNat,77650401,joshdigga,2021,5,6,40.86590181,-73.9394767,yes,,,,,,,
14209115,iNat,115799296,Rachel Lloyd,2022,5,6,40.160775,-79.27294167,yes,,,,,,,
13832982,iNat,160194280,Allisun Burns,2023,5,6,42.29169321,-85.58722872,yes,,,,,,,
14106945,iNat,160487468,Heidi Wilhelm,2023,5,6,41.23838649,-81.74512994,yes,,,,,,,
13648018,iNat,161156783,Paul Marcum,2023,5,6,40.00489833,-87.53487833,yes,,,,,,,
13833752,iNat,164907034,juliakmil,2023,5,6,42.74719368,-85.36170639,yes,,,,,,,
14228579,iNat,165067822,Chris Coughenour,2023,5,6,40.43716884,-79.19041235,yes,,,,,,,
8062633,MUOB,MUOB 164818,Dave W,2014,5,6,41.1646,-75.9602,yes,,,,,,,
8186487,MUOB,MUOB 365738,billyd,2019,5,6,40.3557,-76.8526,yes,,,,,,,
8001193,MUOB,MUOB 67101,Dave W,2011,5,6,40.8431,-74.9859,yes,,,,,,,
12261154,iNat,115960909,chevar,2022,5,7,39.71374031,-84.10403788,maybe,,,,,,,
12261549,iNat,116004940,Beth Ace,2022,5,7,41.0808655,-79.7042096,maybe,,,,,,,
14227274,iNat,160256000,brachypelma,2023,5,7,40.79339041,-77.86000114,maybe,,,,,,,
14002226,iNat,160441878,Rafael Enrique Baez Segui,2023,5,7,40.87325667,-73.92611667,maybe,,,,,,,
8107587,MUOB,MUOB 238233,Linda Brynan Sears,2016,5,7,40.2769,-75.9493,maybe,,,,,,,
13938429,iNat,24740813,fungilady,2019,5,7,40.74531667,-74.55258833,yes,,,,,,,
12896178,iNat,77804250,Wendy Frauchiger,2021,5,7,42.57344667,-85.45803,yes,,,,,,,
12896290,iNat,77823224,Ohio Mushroom DNA Lab,2021,5,7,39.798745,-84.31905333,yes,,,,,,,
14097337,iNat,115960456,guardianman,2022,5,7,41.17291333,-81.313325,yes,,,,,,,
13648534,iNat,165460262,justind88,2022,5,7,41.29498977,-89.02286819,yes,,,,,,,
8086969,MUOB,MUOB 204028,Dave W,2015,5,7,41.1646,-75.9602,yes,,,,,,,
8107550,MUOB,MUOB 238186,Dave W,2016,5,7,40.9722,-77.7603,yes,,,,,,,
12899323,iNat,78250496,Rudy Colantonio,2021,5,8,42.57336167,-85.45876333,no,,,,,,,
12899529,iNat,78282905,Cara Coulter,2021,5,8,40.88776625,-79.82392566,no,,,,,,,
14106964,iNat,160626399,Al,2023,5,8,41.04916848,-82.70722146,yes,,,,,,,
13833221,iNat,161427861,huafang,2023,5,8,42.68344548,-83.4789236,yes,,,,,,,
13648538,iNat,165461917,justind88,2022,5,8,41.30082995,-89.02129958,yes,,,,,,,
8131370,MUOB,MUOB 276038,Ryan Patrick,2017,5,8,39.4949,-76.2857,yes,,,,,,,
8186708,MUOB,MUOB 366078,Dave W,2019,5,8,40.9722,-77.7603,yes,,,,,,,
13544248,iNat,160852626,calcareous fen flora,2023,5,9,41.81487278,-73.49693392,maybe,,,,,,,
12182313,iNat,105930352,Paul Sadowski,2008,5,9,40.9150024,-73.9348064,yes,,,,,,,
13541627,iNat,116378722,Matt Pulk,2022,5,9,41.78716403,-72.23468967,yes,,,,,,,
12265567,iNat,116679245,hikerman2000,2022,5,9,41.39063567,-81.59756313,yes,,,,,,,
13686674,iNat,147551106,janetsland,2022,5,9,41.42679202,-87.0623362,yes,,,,,,,
14227518,iNat,160956093,Robert Bosiljevac,2023,5,9,40.61686236,-80.02800909,yes,,,,,,,
8087019,MUOB,MUOB 204117,Phil Yeager,2015,5,9,41.1646,-75.9602,yes,,,,,,,
14252493,iNat,214849321,Kaitlyn Page,2024,5,10,42.00455271,-80.34392685,no,,,,,,,
14252494,iNat,214849519,Kaitlyn Page,2024,5,10,42.0009182,-80.3368368,no,,,,,,,
13685450,iNat,143997322,Stephen Russell,2018,5,10,39.204974,-86.368839,yes,,,,,,,
14105014,iNat,146617949,alan gibler,2006,5,10,41.93790339,-80.63149901,yes,,,,,,,
14107030,iNat,160953053,Tim Kleman,2023,5,10,41.06299083,-83.76054816,yes,,,,,,,
8042591,MUOB,MUOB 133443,Dave W,2013,5,10,40.8431,-74.9859,yes,,,,,,,
8062715,MUOB,MUOB 164998,Rocky Houghtby,2014,5,10,42.0158,-87.8431,yes,,,,,,,
12900302,iNat,78373615,spresogna,2021,5,11,40.27160892,-75.95010058,maybe,,,,,,,
8107817,MUOB,MUOB 238624,Dave W,2016,5,11,40.9703,-76.6022,maybe,,,,,,,
12265078,iNat,116584097,Joe Malmisur,2022,5,11,41.33333089,-81.41005022,no,,,,,,,
12265308,iNat,116627491,jasnoo,2022,5,11,40.8740091,-73.92308023,yes,,,,,,,
14210265,iNat,120089632,Fluff Berger,2022,5,11,40.5715533,-80.1448224,yes,,,,,,,
8062825,MUOB,MUOB 165182,Dave W,2014,5,11,41.1646,-75.9602,yes,,,,,,,
7987645,MUOB,MUOB 45312,Eddee,2010,5,11,37.947,-81.208,yes,,,,,,,
12270578,iNat,117439565,Robert Bosiljevac,2022,5,12,40.57018013,-79.90941214,maybe,,,,,,,
14249295,iNat,202066463,Kaitlyn Page,2023,5,12,42.0154076,-80.3857798,maybe,,,,,,,
14495487,iNat,215337604,Chelsea,2024,5,12,44.09696693,-87.69292002,no,,,,,,,
13833338,iNat,161981900,huafang,2023,5,12,42.8313075,-83.5892296,yes,,,,,,,
8156818,MUOB,MUOB 316468,Linda Brynan Sears,2018,5,12,40.0693,-76.8875,yes,,,,,,,
6935085,iNat,9575412,mycowalt,2014,5,13,40.67455,-80.5413,maybe,,,,,,,
6598008,MU,297116,Django Grootmyers,2017,5,13,40.0453,-82.8804,n/a,,,,,,,
13402451,MU-F-57564,57564,Django Grootmyers,2017,5,13,40.0453,-82.8804,n/a,,,,,,,
8062812,MUOB,MUOB 165154,AJ,2014,5,13,42.0858,-80.1164,no,,,,,,,
6952931,iNat,11193559,Django Grootmyers,2017,5,13,40.0497,-82.8864,yes,,,,,,,
12904646,iNat,79065591,Erik Danielsen,2021,5,13,42.11332796,-78.80126669,yes,,,,,,,
12267363,iNat,116972254,Rudy Colantonio,2022,5,13,42.50139755,-85.41230225,yes,,,,,,,
13845032,iNat,198031355,Anthony Blowers,2023,5,13,42.5738992,-85.4590984,yes,,,,,,,
8062854,MUOB,MUOB 165255,walt sturgeon,2014,5,13,40.6746,-80.5413,yes,,,,,,,
8148653,MUOB,MUOB 303455,Django Grootmyers,2017,5,13,40.0453,-82.8804,yes,,,,,,,
12199122,iNat,107391309,huafang,2021,5,14,42.82967191,-83.58884245,yes,,,,,,,
12229995,iNat,110784301,huafang,2019,5,14,42.83193,-83.590417,yes,,,,,,,
12269394,iNat,117274550,Rudy Colantonio,2022,5,14,42.52130501,-85.47863341,yes,,,,,,,
13833283,iNat,161725469,mimushroomguy,2023,5,14,42.55458538,-83.48835792,yes,,,,,,,
12268767,iNat,117179997,Chris_2E,2022,5,15,42.30458,-83.73227833,maybe,,,,,,,
12269558,iNat,117294005,baileym12,2022,5,15,35.5075786,-82.8369039,maybe,,,,,,,
12270564,iNat,117437621,Robert Bosiljevac,2022,5,15,40.61986054,-80.03172444,maybe,,,,,,,
8062895,MUOB,MUOB 165340,Dave W,2014,5,15,40.8431,-74.9859,maybe,,,,,,,
14225861,iNat,155766241,Barbora Batokova,2022,5,15,40.6997619,-79.5020236,yes,,,,,,,
8042806,MUOB,MUOB 133782,Phil Yeager,2013,5,15,41.1646,-75.9602,yes,,,,,,,
8156814,MUOB,MUOB 316461,Dave W,2018,5,15,41.1646,-75.9602,yes,,,,,,,
12270330,iNat,117409434,isa182,2022,5,16,40.97443076,-80.1253303,yes,,,,,,,
14002512,iNat,162184224,Matt Pulk,2023,5,16,41.84448342,-73.51331413,yes,,,,,,,
14194449,iNat,48298124,Jessica Leigh Allen,2013,5,17,40.1903871,-76.5629771,maybe,,,,,,,
13824001,iNat,118106398,huafang,2022,5,17,42.72509444,-83.11471944,maybe,,,,,,,
13986118,iNat,120939683,angelicaaaa,2022,5,18,43.16770651,-75.32304119,maybe,,,,,,,
12247268,iNat,113222315,huafang,2018,5,18,42.8313075,-83.5892296,yes,,,,,,,
8157122,MUOB,MUOB 316993,Huafang,2018,5,18,42.8298,-83.5908,yes,,,,,,,
8187149,MUOB,MUOB 366851,Norton,2019,5,18,41.2561,-81.5679,yes,,,,,,,
13814970,iNat,35938261,Jack Rosenhauer,2019,5,19,42.5354321,-85.354965,maybe,,,,,,,
12564676,iNat,46640299,amuliolis,2020,5,19,41.21944046,-81.58024152,maybe,,,,,,,
13833454,iNat,162657650,huafang,2023,5,19,42.8313075,-83.5892296,yes,,,,,,,
13833455,iNat,162669162,huafang,2023,5,19,42.8313075,-83.5892296,yes,,,,,,,
8087329,MUOB,MUOB 204615,AJ,2015,5,20,42.0547,-80.1823,yes,,,,,,,
12207515,iNat,108217733,huafang,2020,5,21,42.82948333,-83.58953611,yes,,,,,,,
6935099,iNat,9575487,mycowalt,2014,5,22,41.92245,-80.56425,maybe,,,,,,,
13834186,iNat,167997075,huafang,2023,5,22,42.72509444,-83.11471944,yes,,,,,,,
13694362,iNat,201999178,syd,2020,5,22,41.08490746,-85.67803827,yes,,,,,,,
8063157,MUOB,MUOB 165769,walt sturgeon,2014,5,22,41.9225,-80.5643,yes,,,,,,,
12354167,iNat,25721070,Garrett Taylor,2019,5,23,42.07502748,-78.44000361,no,,,,,,,
8063222,MUOB,MUOB 165872,Chella Moore,2014,5,23,42.2454,-85.5299,yes,,,,,,,
14083497,iNat,12785242,Fred Losi,2018,5,24,41.57472718,-81.52463352,no,,,,,,,
13639131,iNat,82507378,Brewster Johnson,2021,5,26,37.653795,-89.32566167,yes,,,,,,,
8158018,MUOB,MUOB 318339,Eva Skific,2018,5,28,42.6812,-80.3296,maybe,,,,,,,
11818315,TENN-F,TENN-F-076268,R.A. Swenie,2021,4,11,35.707,-83.3829,n/a,,,,,,,
