SPEC,LONG,LAT,Sequenced
Morchella diminutiva,-78.00994886,39.02339995,
Morchella diminutiva,-85.29671197,41.01000545,yes
Morchella diminutiva,-77.25437167,39.015885,
Morchella diminutiva,-78.71923,35.69728333,
Morchella diminutiva,-86.01529819,39.37952017,yes
Morchella diminutiva,-79.70074267,40.75785025,
Morchella diminutiva,-71.55312682,42.1944942,
Morchella diminutiva,-76.65564493,39.17147955,
Morchella diminutiva,-85.93528056,40.70273802,
Morchella diminutiva,-87.29010438,39.8629028,yes
Morchella diminutiva,-78.00137841,37.99180173,
Morchella diminutiva,-82.0738219,35.24719738,
Morchella diminutiva,-85.40293112,36.46558082,
Morchella diminutiva,-85.34809358,37.38883642,
Morchella diminutiva,-75.50913833,40.54361667,
Morchella diminutiva,-86.65311192,35.96755021,
Morchella diminutiva,-84.29187833,34.14196667,
Morchella diminutiva,-88.67037434,37.4015344,
Morchella diminutiva,-80.87661167,36.49932167,
Morchella diminutiva,-78.80126669,42.11332796,
Morchella diminutiva,-82.348927,34.393524,
Morchella diminutiva,-77.43604817,37.54070615,
Morchella diminutiva,-82.62622871,38.46012081,
Morchella diminutiva,-82.35043701,36.57612441,
Morchella diminutiva,-83.29695157,37.46965557,
Morchella diminutiva,-83.22457996,39.8638567,
Morchella diminutiva,-79.70875044,36.39277417,
Morchella diminutiva,-91.61554134,38.44461502,
Morchella diminutiva,-75.78444837,39.8281856,
Morchella diminutiva,-86.3800122,41.6933798,
Morchella diminutiva,-79.27294167,40.160775,
Morchella diminutiva,-72.23468967,41.78716403,
Morchella diminutiva,-81.1334,37.90741667,
Morchella diminutiva,-81.59756313,41.39063567,
Morchella diminutiva,-76.82077355,38.68782046,
Morchella diminutiva,-73.96889721,40.6619915,
Morchella diminutiva,-80.63149901,41.93790339,
Morchella diminutiva,-87.0623362,41.42679202,
Morchella diminutiva,-85.37580833,34.70955,
Morchella diminutiva,-80.07039632,35.18908189,
Morchella diminutiva,-84.7866488,37.9640496,
Morchella diminutiva,-76.44821167,37.779495,
Morchella diminutiva,-81.73525667,35.62432333,
Morchella diminutiva,-78.92769623,36.26327515,
Morchella diminutiva,-82.54757073,37.46869161,
Morchella diminutiva,-85.65770721,37.91836548,
Morchella diminutiva,-93.23753333,37.12791117,
Morchella diminutiva,-83.94751397,34.763517,
Morchella diminutiva,-77.495095,38.28424667,
Morchella diminutiva,-89.57184591,37.43785185,
Morchella diminutiva,-74.6699689,40.32788288,
Morchella diminutiva,-86.794495,38.348945,
Morchella diminutiva,-87.50260297,37.98552,
Morchella diminutiva,-81.6895145,36.21282971,
Morchella diminutiva,-79.96955272,35.65455982,
Morchella diminutiva,-85.87277904,38.47552584,
Morchella diminutiva,-81.85957577,40.27200884,
Morchella diminutiva,-82.829482,41.39063365,
Morchella diminutiva,-88.08315283,39.50478333,
Morchella diminutiva,-86.16228568,39.85035854,
Morchella diminutiva,-82.97577292,36.64371249,
Morchella diminutiva,-76.1539392,38.93497614,
Morchella diminutiva,-84.34599601,39.9745615,
Morchella diminutiva,-82.00729776,39.49364324,
Morchella diminutiva,-84.9609,39.79752167,
Morchella diminutiva,-83.72905833,42.30198333,
Morchella diminutiva,-93.559355,38.1021805,
Morchella diminutiva,-80.45298,36.91860333,
Morchella diminutiva,-85.58722872,42.29169321,
Morchella diminutiva,-83.76054816,41.06299083,
Morchella diminutiva,-83.5892296,42.8313075,
Morchella diminutiva,-73.51331413,41.84448342,
Morchella diminutiva,-83.517075,35.09477217,
Morchella diminutiva,-85.36170639,42.74719368,
Morchella diminutiva,-89.02129958,41.30082995,
Morchella diminutiva,-84.2405,37.5649,
Morchella diminutiva,-82.88603913,39.39776027,
Morchella diminutiva,-81.76616147,38.31590912,
Morchella diminutiva,-84.9459433,33.67487139,
Morchella diminutiva,-84.14800331,33.19348175,
Morchella diminutiva,-89.272471,35.05773934,
Morchella diminutiva,-91.02539917,31.89042245,
Morchella diminutiva,-89.52839667,34.36055333,
Morchella diminutiva,-85.82560387,36.13495686,
Morchella diminutiva,-80.78301527,34.9371693,
Morchella diminutiva,-80.87954581,35.56251342,
Morchella diminutiva,-89.98535833,35.14664717,
Morchella diminutiva,-82.8805132,34.77998908,
Morchella diminutiva,-89.71100589,33.81025663,
Morchella diminutiva,-86.22835299,35.37478975,
Morchella diminutiva,-80.33870056,39.28508837,
Morchella diminutiva,-82.4869091,35.73353271,
Morchella diminutiva,-88.60498833,36.331195,
Morchella diminutiva,-81.30985562,35.17180471,
Morchella diminutiva,-90.63440055,36.49667169,
Morchella diminutiva,-87.24026629,35.94532094,
Morchella diminutiva,-76.09459115,36.50749976,
Morchella diminutiva,-83.85299191,33.84144261,
Morchella diminutiva,-92.23611193,38.58904585,
Morchella diminutiva,-85.85304704,41.23807865,
Morchella diminutiva,-84.039315,39.49931333,
Morchella diminutiva,-87.68136889,37.05974594,
Morchella diminutiva,-86.24371865,37.27775264,
Morchella diminutiva,-83.92229167,35.98659444,
Morchella diminutiva,-86.4098648,38.7303397,
Morchella diminutiva,-86.7486562,37.61397896,
Morchella diminutiva,-84.41589797,39.07489615,
Morchella diminutiva,-80.66749699,37.49476212,
Morchella diminutiva,-80.03650278,40.19225278,
Morchella diminutiva,-75.25083248,40.05363626,
Morchella diminutiva,-79.79952626,39.46972654,
Morchella diminutiva,-83.42212207,34.58684329,
Morchella diminutiva,-77.45341492,39.51698685,
Morchella diminutiva,-92.52953333,34.83952167,
Morchella diminutiva,-83.5552,35.6315,
Morchella diminutiva,-83.1066,35.9477,
Morchella diminutiva,-87.8431,42.0158,
Morchella diminutiva,-80.5413,40.6746,
Morchella diminutiva,-88.1811,35.2094,
Morchella diminutiva,-90.6919,38.0851,
Morchella diminutiva,-90.4921,39.0066,
Morchella diminutiva,-76.2892,39.5615,
Morchella diminutiva,-75.9602,41.1646,
Morchella diminutiva,-76.8875,40.0693,
Morchella diminutiva,-88.9909,34.4818,yes
Morchella diminutiva,-86.798,33.4712,
Morchella diminutiva,-76.5039,37.0757,
Morchella diminutiva,-77.7603,40.9722,
Morchella diminutiva,-86.5319,39.1713,
Morchella diminutiva,-74.9859,40.8431,
